2025-04-18 19:24:44,040 - INFO - Using directory: /Users/hherb/knowledgebase/pubmed_data
2025-04-18 19:24:44,040 - INFO - Creating directory: /Users/hherb/knowledgebase/pubmed_data
2025-04-18 19:24:44,040 - INFO - Creating baseline directory: /Users/hherb/knowledgebase/pubmed_data/baseline
2025-04-18 19:24:44,040 - INFO - Starting PubMed baseline download
2025-04-18 19:24:49,298 - INFO - Found 1274 PubMed baseline files to download
2025-04-18 19:24:49,894 - ERROR - Error downloading pubmed25n0002.xml.gz: [Errno 2] No such file or directory: '~/knowledgebase/pubmed_data/baseline/pubmed25n0002.xml.gz'
2025-04-18 19:24:50,438 - ERROR - Error downloading pubmed25n0003.xml.gz: [Errno 2] No such file or directory: '~/knowledgebase/pubmed_data/baseline/pubmed25n0003.xml.gz'
2025-04-18 19:24:51,011 - ERROR - Error downloading pubmed25n0004.xml.gz: [Errno 2] No such file or directory: '~/knowledgebase/pubmed_data/baseline/pubmed25n0004.xml.gz'
2025-04-18 19:24:51,554 - ERROR - Error downloading pubmed25n0001.xml.gz: [Errno 2] No such file or directory: '~/knowledgebase/pubmed_data/baseline/pubmed25n0001.xml.gz'
2025-04-18 19:24:52,170 - ERROR - Error downloading pubmed25n0005.xml.gz: [Errno 2] No such file or directory: '~/knowledgebase/pubmed_data/baseline/pubmed25n0005.xml.gz'
2025-04-18 19:24:52,713 - ERROR - Error downloading pubmed25n0006.xml.gz: [Errno 2] No such file or directory: '~/knowledgebase/pubmed_data/baseline/pubmed25n0006.xml.gz'
2025-04-18 19:24:53,259 - ERROR - Error downloading pubmed25n0007.xml.gz: [Errno 2] No such file or directory: '~/knowledgebase/pubmed_data/baseline/pubmed25n0007.xml.gz'
2025-04-18 19:24:53,804 - ERROR - Error downloading pubmed25n0008.xml.gz: [Errno 2] No such file or directory: '~/knowledgebase/pubmed_data/baseline/pubmed25n0008.xml.gz'
2025-04-18 19:24:54,378 - ERROR - Error downloading pubmed25n0009.xml.gz: [Errno 2] No such file or directory: '~/knowledgebase/pubmed_data/baseline/pubmed25n0009.xml.gz'
2025-04-18 19:24:54,924 - ERROR - Error downloading pubmed25n0011.xml.gz: [Errno 2] No such file or directory: '~/knowledgebase/pubmed_data/baseline/pubmed25n0011.xml.gz'
2025-04-18 19:24:55,474 - ERROR - Error downloading pubmed25n0010.xml.gz: [Errno 2] No such file or directory: '~/knowledgebase/pubmed_data/baseline/pubmed25n0010.xml.gz'
2025-04-18 19:24:56,019 - ERROR - Error downloading pubmed25n0012.xml.gz: [Errno 2] No such file or directory: '~/knowledgebase/pubmed_data/baseline/pubmed25n0012.xml.gz'
2025-04-18 19:24:56,575 - ERROR - Error downloading pubmed25n0013.xml.gz: [Errno 2] No such file or directory: '~/knowledgebase/pubmed_data/baseline/pubmed25n0013.xml.gz'
2025-04-18 19:24:57,158 - ERROR - Error downloading pubmed25n0015.xml.gz: [Errno 2] No such file or directory: '~/knowledgebase/pubmed_data/baseline/pubmed25n0015.xml.gz'
2025-04-18 19:32:56,889 - INFO - Using directory: /Users/hherb/knowledgebase/pubmed_data
2025-04-18 19:32:56,889 - INFO - Directory already exists: /Users/hherb/knowledgebase/pubmed_data
2025-04-18 19:32:56,889 - INFO - Baseline directory already exists: /Users/hherb/knowledgebase/pubmed_data/baseline
2025-04-18 19:32:56,889 - INFO - Starting PubMed baseline download to /Users/hherb/knowledgebase/pubmed_data/baseline
2025-04-18 19:33:02,579 - INFO - Found 1274 PubMed baseline files to download
2025-04-18 19:33:10,709 - INFO - Downloaded pubmed25n0002.xml.gz (1/1274)
2025-04-18 19:33:18,696 - INFO - Downloaded pubmed25n0003.xml.gz (2/1274)
2025-04-18 19:33:26,863 - INFO - Downloaded pubmed25n0004.xml.gz (3/1274)
2025-04-18 19:33:35,436 - INFO - Downloaded pubmed25n0001.xml.gz (4/1274)
2025-04-18 19:33:43,055 - INFO - Downloaded pubmed25n0005.xml.gz (5/1274)
2025-04-18 19:33:51,718 - INFO - Downloaded pubmed25n0006.xml.gz (6/1274)
2025-04-18 19:33:59,595 - INFO - Downloaded pubmed25n0007.xml.gz (7/1274)
2025-04-18 19:34:07,288 - INFO - Downloaded pubmed25n0008.xml.gz (8/1274)
2025-04-18 19:34:13,438 - INFO - Downloaded pubmed25n0009.xml.gz (9/1274)
2025-04-18 19:34:21,656 - INFO - Downloaded pubmed25n0011.xml.gz (10/1274)
2025-04-18 19:34:28,606 - INFO - Downloaded pubmed25n0010.xml.gz (11/1274)
2025-04-18 19:34:36,082 - INFO - Downloaded pubmed25n0012.xml.gz (12/1274)
2025-04-18 19:34:43,929 - INFO - Downloaded pubmed25n0013.xml.gz (13/1274)
2025-04-18 19:34:51,362 - INFO - Downloaded pubmed25n0015.xml.gz (14/1274)
2025-04-18 19:34:59,025 - INFO - Downloaded pubmed25n0014.xml.gz (15/1274)
2025-04-18 19:35:06,539 - INFO - Downloaded pubmed25n0016.xml.gz (16/1274)
2025-04-18 19:35:13,523 - INFO - Downloaded pubmed25n0017.xml.gz (17/1274)
2025-04-18 19:35:20,326 - INFO - Downloaded pubmed25n0018.xml.gz (18/1274)
2025-04-18 19:35:27,025 - INFO - Downloaded pubmed25n0020.xml.gz (19/1274)
2025-04-18 19:35:34,738 - INFO - Downloaded pubmed25n0019.xml.gz (20/1274)
2025-04-18 19:35:41,900 - INFO - Downloaded pubmed25n0021.xml.gz (21/1274)
2025-04-18 19:35:48,858 - INFO - Downloaded pubmed25n0022.xml.gz (22/1274)
2025-04-18 19:35:55,861 - INFO - Downloaded pubmed25n0023.xml.gz (23/1274)
2025-04-18 19:36:02,984 - INFO - Downloaded pubmed25n0024.xml.gz (24/1274)
2025-04-18 19:36:09,971 - INFO - Downloaded pubmed25n0025.xml.gz (25/1274)
2025-04-18 19:36:17,234 - INFO - Downloaded pubmed25n0028.xml.gz (26/1274)
2025-04-18 19:36:26,962 - INFO - Downloaded pubmed25n0291.xml.gz (27/1274)
2025-04-18 19:36:34,477 - INFO - Downloaded pubmed25n0026.xml.gz (28/1274)
2025-04-18 19:36:42,616 - INFO - Downloaded pubmed25n0027.xml.gz (29/1274)
2025-04-18 19:36:49,856 - INFO - Downloaded pubmed25n0029.xml.gz (30/1274)
2025-04-18 19:36:56,987 - INFO - Downloaded pubmed25n0030.xml.gz (31/1274)
2025-04-18 19:37:04,073 - INFO - Downloaded pubmed25n0032.xml.gz (32/1274)
2025-04-18 19:37:11,169 - INFO - Downloaded pubmed25n0031.xml.gz (33/1274)
2025-04-18 19:37:18,544 - INFO - Downloaded pubmed25n0033.xml.gz (34/1274)
2025-04-18 19:37:24,883 - INFO - Downloaded pubmed25n0035.xml.gz (35/1274)
2025-04-18 19:37:31,299 - INFO - Downloaded pubmed25n0034.xml.gz (36/1274)
2025-04-18 19:37:38,932 - INFO - Downloaded pubmed25n0036.xml.gz (37/1274)
2025-04-18 19:37:46,399 - INFO - Downloaded pubmed25n0037.xml.gz (38/1274)
2025-04-18 19:37:53,878 - INFO - Downloaded pubmed25n0038.xml.gz (39/1274)
2025-04-18 19:38:01,132 - INFO - Downloaded pubmed25n0039.xml.gz (40/1274)
2025-04-18 19:38:08,394 - INFO - Downloaded pubmed25n0040.xml.gz (41/1274)
2025-04-18 19:38:15,300 - INFO - Downloaded pubmed25n0041.xml.gz (42/1274)
2025-04-18 19:38:23,579 - INFO - Downloaded pubmed25n0042.xml.gz (43/1274)
2025-04-18 19:38:32,268 - INFO - Downloaded pubmed25n0043.xml.gz (44/1274)
2025-04-18 19:38:41,146 - INFO - Downloaded pubmed25n0045.xml.gz (45/1274)
2025-04-18 19:38:53,533 - INFO - Downloaded pubmed25n0044.xml.gz (46/1274)
2025-04-18 19:39:03,202 - INFO - Downloaded pubmed25n0046.xml.gz (47/1274)
2025-04-18 19:39:10,955 - INFO - Downloaded pubmed25n0047.xml.gz (48/1274)
2025-04-18 19:39:19,155 - INFO - Downloaded pubmed25n0049.xml.gz (49/1274)
2025-04-18 19:39:27,085 - INFO - Downloaded pubmed25n0048.xml.gz (50/1274)
2025-04-18 19:39:35,978 - INFO - Downloaded pubmed25n0050.xml.gz (51/1274)
2025-04-18 19:39:44,205 - INFO - Downloaded pubmed25n0051.xml.gz (52/1274)
2025-04-18 19:39:52,831 - INFO - Downloaded pubmed25n0052.xml.gz (53/1274)
2025-04-18 19:39:59,225 - INFO - Downloaded pubmed25n0183.xml.gz (54/1274)
2025-04-18 19:40:20,994 - INFO - Downloaded pubmed25n0053.xml.gz (55/1274)
2025-04-18 19:40:34,763 - INFO - Downloaded pubmed25n0054.xml.gz (56/1274)
2025-04-18 19:40:59,679 - INFO - Downloaded pubmed25n0055.xml.gz (57/1274)
2025-04-18 19:41:16,662 - INFO - Downloaded pubmed25n0057.xml.gz (58/1274)
2025-04-18 19:41:26,051 - INFO - Downloaded pubmed25n0056.xml.gz (59/1274)
2025-04-18 19:41:33,576 - INFO - Downloaded pubmed25n0058.xml.gz (60/1274)
2025-04-18 19:41:40,875 - INFO - Downloaded pubmed25n0059.xml.gz (61/1274)
2025-04-18 19:41:49,096 - INFO - Downloaded pubmed25n0060.xml.gz (62/1274)
2025-04-18 19:41:58,328 - INFO - Downloaded pubmed25n0061.xml.gz (63/1274)
2025-04-18 19:42:05,880 - INFO - Downloaded pubmed25n0062.xml.gz (64/1274)
2025-04-18 19:42:14,265 - INFO - Downloaded pubmed25n0063.xml.gz (65/1274)
2025-04-18 19:42:22,154 - INFO - Downloaded pubmed25n0064.xml.gz (66/1274)
2025-04-18 19:42:32,032 - INFO - Downloaded pubmed25n0065.xml.gz (67/1274)
2025-04-18 19:42:41,133 - INFO - Downloaded pubmed25n0066.xml.gz (68/1274)
2025-04-18 19:42:52,641 - INFO - Downloaded pubmed25n0067.xml.gz (69/1274)
2025-04-18 19:43:02,067 - INFO - Downloaded pubmed25n0068.xml.gz (70/1274)
2025-04-18 19:43:11,015 - INFO - Downloaded pubmed25n0069.xml.gz (71/1274)
2025-04-18 19:43:19,048 - INFO - Downloaded pubmed25n0070.xml.gz (72/1274)
2025-04-18 19:43:30,622 - INFO - Downloaded pubmed25n0071.xml.gz (73/1274)
2025-04-18 19:43:40,284 - INFO - Downloaded pubmed25n0072.xml.gz (74/1274)
2025-04-18 19:43:49,244 - INFO - Downloaded pubmed25n0073.xml.gz (75/1274)
2025-04-18 19:43:57,743 - INFO - Downloaded pubmed25n0074.xml.gz (76/1274)
2025-04-18 19:44:05,864 - INFO - Downloaded pubmed25n0075.xml.gz (77/1274)
2025-04-18 19:44:13,597 - INFO - Downloaded pubmed25n0076.xml.gz (78/1274)
2025-04-18 19:44:21,584 - INFO - Downloaded pubmed25n0077.xml.gz (79/1274)
2025-04-18 19:44:29,437 - INFO - Downloaded pubmed25n0078.xml.gz (80/1274)
2025-04-18 19:44:36,931 - INFO - Downloaded pubmed25n0079.xml.gz (81/1274)
2025-04-18 19:44:48,168 - INFO - Downloaded pubmed25n0081.xml.gz (82/1274)
2025-04-18 19:44:56,793 - INFO - Downloaded pubmed25n0080.xml.gz (83/1274)
2025-04-18 19:45:06,552 - INFO - Downloaded pubmed25n0082.xml.gz (84/1274)
2025-04-18 19:45:15,645 - INFO - Downloaded pubmed25n0083.xml.gz (85/1274)
2025-04-18 19:45:24,781 - INFO - Downloaded pubmed25n0084.xml.gz (86/1274)
2025-04-18 19:45:34,102 - INFO - Downloaded pubmed25n0085.xml.gz (87/1274)
2025-04-18 19:45:41,495 - INFO - Downloaded pubmed25n0087.xml.gz (88/1274)
2025-04-18 19:45:49,975 - INFO - Downloaded pubmed25n0086.xml.gz (89/1274)
2025-04-18 19:45:58,090 - INFO - Downloaded pubmed25n0088.xml.gz (90/1274)
2025-04-18 19:46:06,370 - INFO - Downloaded pubmed25n0089.xml.gz (91/1274)
2025-04-18 19:46:14,153 - INFO - Downloaded pubmed25n0091.xml.gz (92/1274)
2025-04-18 19:46:28,280 - INFO - Downloaded pubmed25n0090.xml.gz (93/1274)
2025-04-18 19:46:37,580 - INFO - Downloaded pubmed25n0092.xml.gz (94/1274)
2025-04-18 19:46:49,989 - INFO - Downloaded pubmed25n0093.xml.gz (95/1274)
2025-04-18 19:47:00,443 - INFO - Downloaded pubmed25n0094.xml.gz (96/1274)
2025-04-18 19:47:09,692 - INFO - Downloaded pubmed25n0095.xml.gz (97/1274)
2025-04-18 19:47:23,677 - INFO - Downloaded pubmed25n0096.xml.gz (98/1274)
2025-04-18 19:47:36,449 - INFO - Downloaded pubmed25n0097.xml.gz (99/1274)
2025-04-18 19:47:45,679 - INFO - Downloaded pubmed25n0098.xml.gz (100/1274)
2025-04-18 19:47:54,471 - INFO - Downloaded pubmed25n0099.xml.gz (101/1274)
2025-04-18 19:48:03,289 - INFO - Downloaded pubmed25n0100.xml.gz (102/1274)
2025-04-18 19:48:16,831 - INFO - Downloaded pubmed25n0101.xml.gz (103/1274)
2025-04-18 19:48:24,946 - INFO - Downloaded pubmed25n0102.xml.gz (104/1274)
2025-04-18 19:48:34,094 - INFO - Downloaded pubmed25n0103.xml.gz (105/1274)
2025-04-18 19:48:43,809 - INFO - Downloaded pubmed25n0104.xml.gz (106/1274)
2025-04-18 19:48:49,664 - INFO - Downloaded pubmed25n0194.xml.gz (107/1274)
2025-04-18 19:48:58,052 - INFO - Downloaded pubmed25n0105.xml.gz (108/1274)
2025-04-18 19:49:10,385 - INFO - Downloaded pubmed25n0106.xml.gz (109/1274)
2025-04-18 19:49:18,660 - INFO - Downloaded pubmed25n0107.xml.gz (110/1274)
2025-04-18 19:49:27,017 - INFO - Downloaded pubmed25n0108.xml.gz (111/1274)
2025-04-18 19:49:35,161 - INFO - Downloaded pubmed25n0109.xml.gz (112/1274)
2025-04-18 19:49:43,649 - INFO - Downloaded pubmed25n0110.xml.gz (113/1274)
2025-04-18 19:49:51,451 - INFO - Downloaded pubmed25n0111.xml.gz (114/1274)
2025-04-18 19:49:59,233 - INFO - Downloaded pubmed25n0112.xml.gz (115/1274)
2025-04-18 19:50:06,823 - INFO - Downloaded pubmed25n0114.xml.gz (116/1274)
2025-04-18 19:50:14,605 - INFO - Downloaded pubmed25n0113.xml.gz (117/1274)
2025-04-18 19:50:21,577 - INFO - Downloaded pubmed25n0115.xml.gz (118/1274)
2025-04-18 19:50:31,758 - INFO - Downloaded pubmed25n0116.xml.gz (119/1274)
2025-04-18 19:50:40,235 - INFO - Downloaded pubmed25n0117.xml.gz (120/1274)
2025-04-18 19:50:48,633 - INFO - Downloaded pubmed25n0118.xml.gz (121/1274)
2025-04-18 19:50:57,915 - INFO - Downloaded pubmed25n0119.xml.gz (122/1274)
2025-04-18 19:51:05,452 - INFO - Downloaded pubmed25n0120.xml.gz (123/1274)
2025-04-18 19:51:12,097 - INFO - Downloaded pubmed25n0121.xml.gz (124/1274)
2025-04-18 19:51:19,871 - INFO - Downloaded pubmed25n0123.xml.gz (125/1274)
2025-04-18 19:51:28,835 - INFO - Downloaded pubmed25n0122.xml.gz (126/1274)
2025-04-18 19:51:37,225 - INFO - Downloaded pubmed25n0124.xml.gz (127/1274)
2025-04-18 19:51:45,004 - INFO - Downloaded pubmed25n0125.xml.gz (128/1274)
2025-04-18 19:51:54,465 - INFO - Downloaded pubmed25n0127.xml.gz (129/1274)
2025-04-18 19:52:02,677 - INFO - Downloaded pubmed25n0126.xml.gz (130/1274)
2025-04-18 19:52:09,781 - INFO - Downloaded pubmed25n0128.xml.gz (131/1274)
2025-04-18 19:52:18,299 - INFO - Downloaded pubmed25n0129.xml.gz (132/1274)
2025-04-18 19:52:26,429 - INFO - Downloaded pubmed25n0130.xml.gz (133/1274)
2025-04-18 19:52:32,710 - INFO - Downloaded pubmed25n0184.xml.gz (134/1274)
2025-04-18 19:52:41,187 - INFO - Downloaded pubmed25n0131.xml.gz (135/1274)
2025-04-18 19:52:49,101 - INFO - Downloaded pubmed25n0132.xml.gz (136/1274)
2025-04-18 19:52:57,944 - INFO - Downloaded pubmed25n0133.xml.gz (137/1274)
2025-04-18 19:53:07,304 - INFO - Downloaded pubmed25n0134.xml.gz (138/1274)
2025-04-18 19:53:15,585 - INFO - Downloaded pubmed25n0135.xml.gz (139/1274)
2025-04-18 19:53:24,379 - INFO - Downloaded pubmed25n0136.xml.gz (140/1274)
2025-04-18 19:53:31,642 - INFO - Downloaded pubmed25n0137.xml.gz (141/1274)
2025-04-18 19:53:38,358 - INFO - Downloaded pubmed25n0139.xml.gz (142/1274)
2025-04-18 19:53:46,070 - INFO - Downloaded pubmed25n0138.xml.gz (143/1274)
2025-04-18 19:53:53,480 - INFO - Downloaded pubmed25n0140.xml.gz (144/1274)
2025-04-18 19:54:00,645 - INFO - Downloaded pubmed25n0141.xml.gz (145/1274)
2025-04-18 19:54:08,158 - INFO - Downloaded pubmed25n0142.xml.gz (146/1274)
2025-04-18 19:54:17,289 - INFO - Downloaded pubmed25n0143.xml.gz (147/1274)
2025-04-18 19:54:26,116 - INFO - Downloaded pubmed25n0144.xml.gz (148/1274)
2025-04-18 19:54:34,529 - INFO - Downloaded pubmed25n0145.xml.gz (149/1274)
2025-04-18 19:54:41,670 - INFO - Downloaded pubmed25n0146.xml.gz (150/1274)
2025-04-18 19:54:48,580 - INFO - Downloaded pubmed25n0147.xml.gz (151/1274)
2025-04-18 19:54:55,202 - INFO - Downloaded pubmed25n0148.xml.gz (152/1274)
2025-04-18 19:55:08,546 - INFO - Downloaded pubmed25n0149.xml.gz (153/1274)
2025-04-18 19:55:15,908 - INFO - Downloaded pubmed25n0150.xml.gz (154/1274)
2025-04-18 19:55:24,489 - INFO - Downloaded pubmed25n0151.xml.gz (155/1274)
2025-04-18 19:55:32,750 - INFO - Downloaded pubmed25n0152.xml.gz (156/1274)
2025-04-18 19:55:40,651 - INFO - Downloaded pubmed25n0153.xml.gz (157/1274)
2025-04-18 19:55:48,129 - INFO - Downloaded pubmed25n0154.xml.gz (158/1274)
2025-04-18 19:55:55,035 - INFO - Downloaded pubmed25n0155.xml.gz (159/1274)
2025-04-18 19:56:07,768 - INFO - Downloaded pubmed25n0156.xml.gz (160/1274)
2025-04-18 19:56:16,555 - INFO - Downloaded pubmed25n0157.xml.gz (161/1274)
2025-04-18 19:56:24,224 - INFO - Downloaded pubmed25n0158.xml.gz (162/1274)
2025-04-18 19:56:31,456 - INFO - Downloaded pubmed25n0159.xml.gz (163/1274)
2025-04-18 19:56:38,952 - INFO - Downloaded pubmed25n0160.xml.gz (164/1274)
2025-04-18 19:56:46,572 - INFO - Downloaded pubmed25n0161.xml.gz (165/1274)
2025-04-18 19:56:53,811 - INFO - Downloaded pubmed25n0162.xml.gz (166/1274)
2025-04-18 19:57:01,135 - INFO - Downloaded pubmed25n0163.xml.gz (167/1274)
2025-04-18 19:57:08,869 - INFO - Downloaded pubmed25n0164.xml.gz (168/1274)
2025-04-18 19:57:16,068 - INFO - Downloaded pubmed25n0165.xml.gz (169/1274)
2025-04-18 19:57:23,889 - INFO - Downloaded pubmed25n0166.xml.gz (170/1274)
2025-04-18 19:57:30,544 - INFO - Downloaded pubmed25n0167.xml.gz (171/1274)
2025-04-18 19:57:37,661 - INFO - Downloaded pubmed25n0168.xml.gz (172/1274)
2025-04-18 19:57:44,905 - INFO - Downloaded pubmed25n0169.xml.gz (173/1274)
2025-04-18 19:57:51,582 - INFO - Downloaded pubmed25n0170.xml.gz (174/1274)
2025-04-18 19:57:58,198 - INFO - Downloaded pubmed25n0171.xml.gz (175/1274)
2025-04-18 19:58:04,488 - INFO - Downloaded pubmed25n0172.xml.gz (176/1274)
2025-04-18 19:58:09,955 - INFO - Downloaded pubmed25n0173.xml.gz (177/1274)
2025-04-18 19:58:15,875 - INFO - Downloaded pubmed25n0174.xml.gz (178/1274)
2025-04-18 19:58:21,724 - INFO - Downloaded pubmed25n0175.xml.gz (179/1274)
2025-04-18 19:58:28,351 - INFO - Downloaded pubmed25n0176.xml.gz (180/1274)
2025-04-18 19:58:35,018 - INFO - Downloaded pubmed25n0177.xml.gz (181/1274)
2025-04-18 19:58:41,628 - INFO - Downloaded pubmed25n0178.xml.gz (182/1274)
2025-04-18 19:58:48,377 - INFO - Downloaded pubmed25n0179.xml.gz (183/1274)
2025-04-18 19:58:55,171 - INFO - Downloaded pubmed25n0180.xml.gz (184/1274)
2025-04-18 19:59:01,722 - INFO - Downloaded pubmed25n0181.xml.gz (185/1274)
2025-04-18 19:59:08,748 - INFO - Downloaded pubmed25n0182.xml.gz (186/1274)
2025-04-18 19:59:15,464 - INFO - Downloaded pubmed25n0185.xml.gz (187/1274)
2025-04-18 19:59:22,927 - INFO - Downloaded pubmed25n0186.xml.gz (188/1274)
2025-04-18 19:59:30,151 - INFO - Downloaded pubmed25n0187.xml.gz (189/1274)
2025-04-18 19:59:37,945 - INFO - Downloaded pubmed25n0188.xml.gz (190/1274)
2025-04-18 19:59:45,763 - INFO - Downloaded pubmed25n0189.xml.gz (191/1274)
2025-04-18 19:59:53,000 - INFO - Downloaded pubmed25n0190.xml.gz (192/1274)
2025-04-18 20:00:00,197 - INFO - Downloaded pubmed25n0191.xml.gz (193/1274)
2025-04-18 20:00:07,975 - INFO - Downloaded pubmed25n0192.xml.gz (194/1274)
2025-04-18 20:00:15,210 - INFO - Downloaded pubmed25n0193.xml.gz (195/1274)
2025-04-18 20:00:22,087 - INFO - Downloaded pubmed25n0195.xml.gz (196/1274)
2025-04-18 20:00:28,663 - INFO - Downloaded pubmed25n0196.xml.gz (197/1274)
2025-04-18 20:00:35,585 - INFO - Downloaded pubmed25n0197.xml.gz (198/1274)
2025-04-18 20:00:42,664 - INFO - Downloaded pubmed25n0198.xml.gz (199/1274)
2025-04-18 20:00:49,413 - INFO - Downloaded pubmed25n0199.xml.gz (200/1274)
2025-04-18 20:00:56,619 - INFO - Downloaded pubmed25n0200.xml.gz (201/1274)
2025-04-18 20:01:03,573 - INFO - Downloaded pubmed25n0201.xml.gz (202/1274)
2025-04-18 20:01:12,298 - INFO - Downloaded pubmed25n0202.xml.gz (203/1274)
2025-04-18 20:01:22,267 - INFO - Downloaded pubmed25n0203.xml.gz (204/1274)
2025-04-18 20:01:30,593 - INFO - Downloaded pubmed25n0204.xml.gz (205/1274)
2025-04-18 20:01:38,715 - INFO - Downloaded pubmed25n0205.xml.gz (206/1274)
2025-04-18 20:01:47,165 - INFO - Downloaded pubmed25n0206.xml.gz (207/1274)
2025-04-18 20:01:54,669 - INFO - Downloaded pubmed25n0207.xml.gz (208/1274)
2025-04-18 20:02:02,418 - INFO - Downloaded pubmed25n0208.xml.gz (209/1274)
2025-04-18 20:02:11,129 - INFO - Downloaded pubmed25n0209.xml.gz (210/1274)
2025-04-18 20:02:19,958 - INFO - Downloaded pubmed25n0210.xml.gz (211/1274)
2025-04-18 20:02:28,089 - INFO - Downloaded pubmed25n0211.xml.gz (212/1274)
2025-04-18 20:02:35,593 - INFO - Downloaded pubmed25n0222.xml.gz (213/1274)
2025-04-18 20:02:44,607 - INFO - Downloaded pubmed25n0212.xml.gz (214/1274)
2025-04-18 20:02:53,098 - INFO - Downloaded pubmed25n0213.xml.gz (215/1274)
2025-04-18 20:03:01,849 - INFO - Downloaded pubmed25n0214.xml.gz (216/1274)
2025-04-18 20:03:10,156 - INFO - Downloaded pubmed25n0215.xml.gz (217/1274)
2025-04-18 20:03:22,384 - INFO - Downloaded pubmed25n0216.xml.gz (218/1274)
2025-04-18 20:03:31,005 - INFO - Downloaded pubmed25n0217.xml.gz (219/1274)
2025-04-18 20:03:37,986 - INFO - Downloaded pubmed25n0218.xml.gz (220/1274)
2025-04-18 20:03:45,786 - INFO - Downloaded pubmed25n0219.xml.gz (221/1274)
2025-04-18 20:03:54,695 - INFO - Downloaded pubmed25n0220.xml.gz (222/1274)
2025-04-18 20:04:02,285 - INFO - Downloaded pubmed25n0221.xml.gz (223/1274)
2025-04-18 20:04:09,990 - INFO - Downloaded pubmed25n0223.xml.gz (224/1274)
2025-04-18 20:04:17,649 - INFO - Downloaded pubmed25n0224.xml.gz (225/1274)
2025-04-18 20:04:25,871 - INFO - Downloaded pubmed25n0225.xml.gz (226/1274)
2025-04-18 20:04:33,913 - INFO - Downloaded pubmed25n0226.xml.gz (227/1274)
2025-04-18 20:04:42,040 - INFO - Downloaded pubmed25n0227.xml.gz (228/1274)
2025-04-18 20:04:49,972 - INFO - Downloaded pubmed25n0228.xml.gz (229/1274)
2025-04-18 20:04:57,614 - INFO - Downloaded pubmed25n0229.xml.gz (230/1274)
2025-04-18 20:05:03,407 - INFO - Downloaded pubmed25n0230.xml.gz (231/1274)
2025-04-18 20:05:10,780 - INFO - Downloaded pubmed25n0231.xml.gz (232/1274)
2025-04-18 20:05:21,291 - INFO - Downloaded pubmed25n0232.xml.gz (233/1274)
2025-04-18 20:06:37,403 - ERROR - Error downloading pubmed25n0233.xml.gz: [Errno 60] Operation timed out
2025-04-18 20:06:37,403 - ERROR - Error downloading pubmed25n0234.xml.gz: 421 No transfer timeout (60 seconds): closing control connection
2025-04-18 20:06:37,403 - ERROR - Error downloading pubmed25n0235.xml.gz: 
2025-04-18 20:06:37,403 - ERROR - Error downloading pubmed25n0236.xml.gz: 
2025-04-18 20:06:37,404 - ERROR - Error downloading pubmed25n0237.xml.gz: 
2025-04-18 20:06:37,404 - ERROR - Error downloading pubmed25n0238.xml.gz: 
2025-04-18 20:06:37,404 - ERROR - Error downloading pubmed25n0270.xml.gz: 
2025-04-18 20:06:37,404 - ERROR - Error downloading pubmed25n0239.xml.gz: 
2025-04-18 20:06:37,404 - ERROR - Error downloading pubmed25n0240.xml.gz: 
2025-04-18 20:06:37,404 - ERROR - Error downloading pubmed25n0241.xml.gz: 
2025-04-18 20:06:37,404 - ERROR - Error downloading pubmed25n0242.xml.gz: 
2025-04-18 20:06:37,404 - ERROR - Error downloading pubmed25n0243.xml.gz: 
2025-04-18 20:06:37,404 - ERROR - Error downloading pubmed25n0244.xml.gz: 
2025-04-18 20:06:37,404 - ERROR - Error downloading pubmed25n0245.xml.gz: 
2025-04-18 20:06:37,404 - ERROR - Error downloading pubmed25n0247.xml.gz: 
2025-04-18 20:06:37,404 - ERROR - Error downloading pubmed25n0246.xml.gz: 
2025-04-18 20:06:37,404 - ERROR - Error downloading pubmed25n0248.xml.gz: 
2025-04-18 20:06:37,405 - ERROR - Error downloading pubmed25n0249.xml.gz: 
2025-04-18 20:06:37,405 - ERROR - Error downloading pubmed25n0250.xml.gz: 
2025-04-18 20:06:37,405 - ERROR - Error downloading pubmed25n0251.xml.gz: 
2025-04-18 20:06:37,405 - ERROR - Error downloading pubmed25n0252.xml.gz: 
2025-04-18 20:06:37,405 - ERROR - Error downloading pubmed25n0253.xml.gz: 
2025-04-18 20:06:37,405 - ERROR - Error downloading pubmed25n0254.xml.gz: 
2025-04-18 20:06:37,405 - ERROR - Error downloading pubmed25n0255.xml.gz: 
2025-04-18 20:06:37,405 - ERROR - Error downloading pubmed25n0256.xml.gz: 
2025-04-18 20:06:37,405 - ERROR - Error downloading pubmed25n0257.xml.gz: 
2025-04-18 20:06:37,405 - ERROR - Error downloading pubmed25n0258.xml.gz: 
2025-04-18 20:06:37,405 - ERROR - Error downloading pubmed25n0259.xml.gz: 
2025-04-18 20:06:37,405 - ERROR - Error downloading pubmed25n0260.xml.gz: 
2025-04-18 20:06:37,405 - ERROR - Error downloading pubmed25n0261.xml.gz: 
2025-04-18 20:06:37,405 - ERROR - Error downloading pubmed25n0262.xml.gz: 
2025-04-18 20:06:37,406 - ERROR - Error downloading pubmed25n0263.xml.gz: 
2025-04-18 20:06:37,406 - ERROR - Error downloading pubmed25n0264.xml.gz: 
2025-04-18 20:06:37,406 - ERROR - Error downloading pubmed25n0265.xml.gz: 
2025-04-18 20:06:37,406 - ERROR - Error downloading pubmed25n0266.xml.gz: 
2025-04-18 20:06:37,406 - ERROR - Error downloading pubmed25n0267.xml.gz: 
2025-04-18 20:06:37,406 - ERROR - Error downloading pubmed25n0268.xml.gz: 
2025-04-18 20:06:37,406 - ERROR - Error downloading pubmed25n0269.xml.gz: 
2025-04-18 20:06:37,406 - ERROR - Error downloading pubmed25n0271.xml.gz: 
2025-04-18 20:06:37,406 - ERROR - Error downloading pubmed25n0272.xml.gz: 
2025-04-18 20:06:37,406 - ERROR - Error downloading pubmed25n0273.xml.gz: 
2025-04-18 20:06:37,406 - ERROR - Error downloading pubmed25n0274.xml.gz: 
2025-04-18 20:06:37,406 - ERROR - Error downloading pubmed25n0275.xml.gz: 
2025-04-18 20:06:37,406 - ERROR - Error downloading pubmed25n0276.xml.gz: 
2025-04-18 20:06:37,406 - ERROR - Error downloading pubmed25n0277.xml.gz: 
2025-04-18 20:06:37,407 - ERROR - Error downloading pubmed25n0278.xml.gz: 
2025-04-18 20:06:37,407 - ERROR - Error downloading pubmed25n0279.xml.gz: 
2025-04-18 20:06:37,407 - ERROR - Error downloading pubmed25n0280.xml.gz: 
2025-04-18 20:06:37,407 - ERROR - Error downloading pubmed25n0281.xml.gz: 
2025-04-18 20:06:37,407 - ERROR - Error downloading pubmed25n0282.xml.gz: 
2025-04-18 20:06:37,407 - ERROR - Error downloading pubmed25n0283.xml.gz: 
2025-04-18 20:06:37,407 - ERROR - Error downloading pubmed25n0284.xml.gz: 
2025-04-18 20:06:37,407 - ERROR - Error downloading pubmed25n0286.xml.gz: 
2025-04-18 20:06:37,407 - ERROR - Error downloading pubmed25n0285.xml.gz: 
2025-04-18 20:06:37,407 - ERROR - Error downloading pubmed25n0287.xml.gz: 
2025-04-18 20:06:37,407 - ERROR - Error downloading pubmed25n0288.xml.gz: 
2025-04-18 20:06:37,407 - ERROR - Error downloading pubmed25n0289.xml.gz: 
2025-04-18 20:06:37,407 - ERROR - Error downloading pubmed25n0290.xml.gz: 
2025-04-18 20:06:37,407 - ERROR - Error downloading pubmed25n0344.xml.gz: 
2025-04-18 20:06:37,407 - ERROR - Error downloading pubmed25n0292.xml.gz: 
2025-04-18 20:06:37,408 - ERROR - Error downloading pubmed25n0293.xml.gz: 
2025-04-18 20:06:37,408 - ERROR - Error downloading pubmed25n0294.xml.gz: 
2025-04-18 20:06:37,408 - ERROR - Error downloading pubmed25n0295.xml.gz: 
2025-04-18 20:06:37,408 - ERROR - Error downloading pubmed25n0296.xml.gz: 
2025-04-18 20:06:37,408 - ERROR - Error downloading pubmed25n0297.xml.gz: 
2025-04-18 20:06:37,408 - ERROR - Error downloading pubmed25n0298.xml.gz: 
2025-04-18 20:06:37,408 - ERROR - Error downloading pubmed25n0299.xml.gz: 
2025-04-18 20:06:37,408 - ERROR - Error downloading pubmed25n0300.xml.gz: 
2025-04-18 20:06:37,408 - ERROR - Error downloading pubmed25n0301.xml.gz: 
2025-04-18 20:06:37,408 - ERROR - Error downloading pubmed25n0302.xml.gz: 
2025-04-18 20:06:37,408 - ERROR - Error downloading pubmed25n0303.xml.gz: 
2025-04-18 20:06:37,408 - ERROR - Error downloading pubmed25n0304.xml.gz: 
2025-04-18 20:06:37,408 - ERROR - Error downloading pubmed25n0305.xml.gz: 
2025-04-18 20:06:37,408 - ERROR - Error downloading pubmed25n0306.xml.gz: 
2025-04-18 20:06:37,408 - ERROR - Error downloading pubmed25n0307.xml.gz: 
2025-04-18 20:06:37,409 - ERROR - Error downloading pubmed25n0308.xml.gz: 
2025-04-18 20:06:37,409 - ERROR - Error downloading pubmed25n0309.xml.gz: 
2025-04-18 20:06:37,409 - ERROR - Error downloading pubmed25n0310.xml.gz: 
2025-04-18 20:06:37,409 - ERROR - Error downloading pubmed25n0311.xml.gz: 
2025-04-18 20:06:37,409 - ERROR - Error downloading pubmed25n0312.xml.gz: 
2025-04-18 20:06:37,409 - ERROR - Error downloading pubmed25n0313.xml.gz: 
2025-04-18 20:06:37,409 - ERROR - Error downloading pubmed25n0314.xml.gz: 
2025-04-18 20:06:37,409 - ERROR - Error downloading pubmed25n0315.xml.gz: 
2025-04-18 20:06:37,409 - ERROR - Error downloading pubmed25n0316.xml.gz: 
2025-04-18 20:06:37,409 - ERROR - Error downloading pubmed25n0318.xml.gz: 
2025-04-18 20:06:37,409 - ERROR - Error downloading pubmed25n0317.xml.gz: 
2025-04-18 20:06:37,409 - ERROR - Error downloading pubmed25n0319.xml.gz: 
2025-04-18 20:06:37,410 - ERROR - Error downloading pubmed25n0320.xml.gz: 
2025-04-18 20:06:37,410 - ERROR - Error downloading pubmed25n0321.xml.gz: 
2025-04-18 20:06:37,410 - ERROR - Error downloading pubmed25n0322.xml.gz: 
2025-04-18 20:06:37,410 - ERROR - Error downloading pubmed25n0324.xml.gz: 
2025-04-18 20:06:37,410 - ERROR - Error downloading pubmed25n0323.xml.gz: 
2025-04-18 20:06:37,410 - ERROR - Error downloading pubmed25n0325.xml.gz: 
2025-04-18 20:06:37,410 - ERROR - Error downloading pubmed25n0326.xml.gz: 
2025-04-18 20:06:37,410 - ERROR - Error downloading pubmed25n0327.xml.gz: 
2025-04-18 20:06:37,410 - ERROR - Error downloading pubmed25n0330.xml.gz: 
2025-04-18 20:06:37,410 - ERROR - Error downloading pubmed25n0329.xml.gz: 
2025-04-18 20:06:37,410 - ERROR - Error downloading pubmed25n0328.xml.gz: 
2025-04-18 20:06:37,410 - ERROR - Error downloading pubmed25n0331.xml.gz: 
2025-04-18 20:06:37,410 - ERROR - Error downloading pubmed25n0332.xml.gz: 
2025-04-18 20:06:37,410 - ERROR - Error downloading pubmed25n0333.xml.gz: 
2025-04-18 20:06:37,411 - ERROR - Error downloading pubmed25n0334.xml.gz: 
2025-04-18 20:06:37,411 - ERROR - Error downloading pubmed25n0336.xml.gz: 
2025-04-18 20:06:37,411 - ERROR - Error downloading pubmed25n0335.xml.gz: 
2025-04-18 20:06:37,411 - ERROR - Error downloading pubmed25n0337.xml.gz: 
2025-04-18 20:06:37,411 - ERROR - Error downloading pubmed25n0338.xml.gz: 
2025-04-18 20:06:37,411 - ERROR - Error downloading pubmed25n0340.xml.gz: 
2025-04-18 20:06:37,411 - ERROR - Error downloading pubmed25n0341.xml.gz: 
2025-04-18 20:06:37,411 - ERROR - Error downloading pubmed25n0339.xml.gz: 
2025-04-18 20:06:37,411 - ERROR - Error downloading pubmed25n0342.xml.gz: 
2025-04-18 20:06:37,411 - ERROR - Error downloading pubmed25n0343.xml.gz: 
2025-04-18 20:06:37,411 - ERROR - Error downloading pubmed25n0397.xml.gz: 
2025-04-18 20:06:37,411 - ERROR - Error downloading pubmed25n0345.xml.gz: 
2025-04-18 20:06:37,411 - ERROR - Error downloading pubmed25n0346.xml.gz: 
2025-04-18 20:06:37,411 - ERROR - Error downloading pubmed25n0347.xml.gz: 
2025-04-18 20:06:37,411 - ERROR - Error downloading pubmed25n0348.xml.gz: 
2025-04-18 20:06:37,412 - ERROR - Error downloading pubmed25n0349.xml.gz: 
2025-04-18 20:06:37,412 - ERROR - Error downloading pubmed25n0350.xml.gz: 
2025-04-18 20:06:37,412 - ERROR - Error downloading pubmed25n0351.xml.gz: 
2025-04-18 20:06:37,412 - ERROR - Error downloading pubmed25n0352.xml.gz: 
2025-04-18 20:06:37,412 - ERROR - Error downloading pubmed25n0353.xml.gz: 
2025-04-18 20:06:37,412 - ERROR - Error downloading pubmed25n0354.xml.gz: 
2025-04-18 20:06:37,412 - ERROR - Error downloading pubmed25n0355.xml.gz: 
2025-04-18 20:06:37,412 - ERROR - Error downloading pubmed25n0356.xml.gz: 
2025-04-18 20:06:37,412 - ERROR - Error downloading pubmed25n0357.xml.gz: 
2025-04-18 20:06:37,412 - ERROR - Error downloading pubmed25n0358.xml.gz: 
2025-04-18 20:06:37,412 - ERROR - Error downloading pubmed25n0359.xml.gz: 
2025-04-18 20:06:37,412 - ERROR - Error downloading pubmed25n0360.xml.gz: 
2025-04-18 20:06:37,412 - ERROR - Error downloading pubmed25n0361.xml.gz: 
2025-04-18 20:06:37,412 - ERROR - Error downloading pubmed25n0362.xml.gz: 
2025-04-18 20:06:37,412 - ERROR - Error downloading pubmed25n0363.xml.gz: 
2025-04-18 20:06:37,412 - ERROR - Error downloading pubmed25n0365.xml.gz: 
2025-04-18 20:06:37,413 - ERROR - Error downloading pubmed25n0364.xml.gz: 
2025-04-18 20:06:37,413 - ERROR - Error downloading pubmed25n0366.xml.gz: 
2025-04-18 20:06:37,413 - ERROR - Error downloading pubmed25n0367.xml.gz: 
2025-04-18 20:06:37,413 - ERROR - Error downloading pubmed25n0369.xml.gz: 
2025-04-18 20:06:37,413 - ERROR - Error downloading pubmed25n0368.xml.gz: 
2025-04-18 20:06:37,413 - ERROR - Error downloading pubmed25n0370.xml.gz: 
2025-04-18 20:06:37,413 - ERROR - Error downloading pubmed25n0371.xml.gz: 
2025-04-18 20:06:37,413 - ERROR - Error downloading pubmed25n0372.xml.gz: 
2025-04-18 20:06:37,413 - ERROR - Error downloading pubmed25n0373.xml.gz: 
2025-04-18 20:06:37,413 - ERROR - Error downloading pubmed25n0374.xml.gz: 
2025-04-18 20:06:37,413 - ERROR - Error downloading pubmed25n0375.xml.gz: 
2025-04-18 20:06:37,413 - ERROR - Error downloading pubmed25n0376.xml.gz: 
2025-04-18 20:06:37,413 - ERROR - Error downloading pubmed25n0377.xml.gz: 
2025-04-18 20:06:37,413 - ERROR - Error downloading pubmed25n0378.xml.gz: 
2025-04-18 20:06:37,413 - ERROR - Error downloading pubmed25n0379.xml.gz: 
2025-04-18 20:06:37,413 - ERROR - Error downloading pubmed25n0380.xml.gz: 
2025-04-18 20:06:37,414 - ERROR - Error downloading pubmed25n0381.xml.gz: 
2025-04-18 20:06:37,414 - ERROR - Error downloading pubmed25n0382.xml.gz: 
2025-04-18 20:06:37,414 - ERROR - Error downloading pubmed25n0383.xml.gz: 
2025-04-18 20:06:37,414 - ERROR - Error downloading pubmed25n0384.xml.gz: 
2025-04-18 20:06:37,414 - ERROR - Error downloading pubmed25n0385.xml.gz: 
2025-04-18 20:06:37,414 - ERROR - Error downloading pubmed25n0386.xml.gz: 
2025-04-18 20:06:37,414 - ERROR - Error downloading pubmed25n0387.xml.gz: 
2025-04-18 20:06:37,414 - ERROR - Error downloading pubmed25n0389.xml.gz: 
2025-04-18 20:06:37,414 - ERROR - Error downloading pubmed25n0388.xml.gz: 
2025-04-18 20:06:37,414 - ERROR - Error downloading pubmed25n0390.xml.gz: 
2025-04-18 20:06:37,414 - ERROR - Error downloading pubmed25n0391.xml.gz: 
2025-04-18 20:06:37,414 - ERROR - Error downloading pubmed25n0392.xml.gz: 
2025-04-18 20:06:37,414 - ERROR - Error downloading pubmed25n0393.xml.gz: 
2025-04-18 20:06:37,414 - ERROR - Error downloading pubmed25n0394.xml.gz: 
2025-04-18 20:06:37,414 - ERROR - Error downloading pubmed25n0395.xml.gz: 
2025-04-18 20:06:37,415 - ERROR - Error downloading pubmed25n0396.xml.gz: 
2025-04-18 20:06:37,415 - ERROR - Error downloading pubmed25n0398.xml.gz: 
2025-04-18 20:06:37,415 - ERROR - Error downloading pubmed25n0399.xml.gz: 
2025-04-18 20:06:37,415 - ERROR - Error downloading pubmed25n0400.xml.gz: 
2025-04-18 20:06:37,415 - ERROR - Error downloading pubmed25n0401.xml.gz: 
2025-04-18 20:06:37,415 - ERROR - Error downloading pubmed25n0402.xml.gz: 
2025-04-18 20:06:37,415 - ERROR - Error downloading pubmed25n0403.xml.gz: 
2025-04-18 20:06:37,415 - ERROR - Error downloading pubmed25n0404.xml.gz: 
2025-04-18 20:06:37,415 - ERROR - Error downloading pubmed25n0405.xml.gz: 
2025-04-18 20:06:37,415 - ERROR - Error downloading pubmed25n0407.xml.gz: 
2025-04-18 20:06:37,415 - ERROR - Error downloading pubmed25n0406.xml.gz: 
2025-04-18 20:06:37,415 - ERROR - Error downloading pubmed25n0409.xml.gz: 
2025-04-18 20:06:37,415 - ERROR - Error downloading pubmed25n0408.xml.gz: 
2025-04-18 20:06:37,415 - ERROR - Error downloading pubmed25n0411.xml.gz: 
2025-04-18 20:06:37,415 - ERROR - Error downloading pubmed25n0410.xml.gz: 
2025-04-18 20:06:37,416 - ERROR - Error downloading pubmed25n0412.xml.gz: 
2025-04-18 20:06:37,416 - ERROR - Error downloading pubmed25n0413.xml.gz: 
2025-04-18 20:06:37,416 - ERROR - Error downloading pubmed25n0415.xml.gz: 
2025-04-18 20:06:37,416 - ERROR - Error downloading pubmed25n0414.xml.gz: 
2025-04-18 20:06:37,416 - ERROR - Error downloading pubmed25n0416.xml.gz: 
2025-04-18 20:06:37,416 - ERROR - Error downloading pubmed25n0417.xml.gz: 
2025-04-18 20:06:37,416 - ERROR - Error downloading pubmed25n0418.xml.gz: 
2025-04-18 20:06:37,416 - ERROR - Error downloading pubmed25n0419.xml.gz: 
2025-04-18 20:06:37,416 - ERROR - Error downloading pubmed25n0420.xml.gz: 
2025-04-18 20:06:37,416 - ERROR - Error downloading pubmed25n0421.xml.gz: 
2025-04-18 20:06:37,416 - ERROR - Error downloading pubmed25n0422.xml.gz: 
2025-04-18 20:06:37,416 - ERROR - Error downloading pubmed25n0423.xml.gz: 
2025-04-18 20:06:37,416 - ERROR - Error downloading pubmed25n0424.xml.gz: 
2025-04-18 20:06:37,416 - ERROR - Error downloading pubmed25n0425.xml.gz: 
2025-04-18 20:06:37,417 - ERROR - Error downloading pubmed25n0426.xml.gz: 
2025-04-18 20:06:37,417 - ERROR - Error downloading pubmed25n0427.xml.gz: 
2025-04-18 20:06:37,417 - ERROR - Error downloading pubmed25n0428.xml.gz: 
2025-04-18 20:06:37,417 - ERROR - Error downloading pubmed25n0429.xml.gz: 
2025-04-18 20:06:37,417 - ERROR - Error downloading pubmed25n0430.xml.gz: 
2025-04-18 20:06:37,417 - ERROR - Error downloading pubmed25n0431.xml.gz: 
2025-04-18 20:06:37,417 - ERROR - Error downloading pubmed25n0432.xml.gz: 
2025-04-18 20:06:37,417 - ERROR - Error downloading pubmed25n0433.xml.gz: 
2025-04-18 20:06:37,417 - ERROR - Error downloading pubmed25n0434.xml.gz: 
2025-04-18 20:06:37,417 - ERROR - Error downloading pubmed25n0435.xml.gz: 
2025-04-18 20:06:37,417 - ERROR - Error downloading pubmed25n0436.xml.gz: 
2025-04-18 20:06:37,417 - ERROR - Error downloading pubmed25n0437.xml.gz: 
2025-04-18 20:06:37,417 - ERROR - Error downloading pubmed25n0438.xml.gz: 
2025-04-18 20:06:37,417 - ERROR - Error downloading pubmed25n0439.xml.gz: 
2025-04-18 20:06:37,417 - ERROR - Error downloading pubmed25n0440.xml.gz: 
2025-04-18 20:06:37,418 - ERROR - Error downloading pubmed25n0441.xml.gz: 
2025-04-18 20:06:37,418 - ERROR - Error downloading pubmed25n0442.xml.gz: 
2025-04-18 20:06:37,418 - ERROR - Error downloading pubmed25n0444.xml.gz: 
2025-04-18 20:06:37,418 - ERROR - Error downloading pubmed25n0443.xml.gz: 
2025-04-18 20:06:37,418 - ERROR - Error downloading pubmed25n0445.xml.gz: 
2025-04-18 20:06:37,418 - ERROR - Error downloading pubmed25n0446.xml.gz: 
2025-04-18 20:06:37,418 - ERROR - Error downloading pubmed25n0447.xml.gz: 
2025-04-18 20:06:37,418 - ERROR - Error downloading pubmed25n0449.xml.gz: 
2025-04-18 20:06:37,418 - ERROR - Error downloading pubmed25n0448.xml.gz: 
2025-04-18 20:06:37,418 - ERROR - Error downloading pubmed25n0450.xml.gz: 
2025-04-18 20:06:37,418 - ERROR - Error downloading pubmed25n0451.xml.gz: 
2025-04-18 20:06:37,418 - ERROR - Error downloading pubmed25n0453.xml.gz: 
2025-04-18 20:06:37,418 - ERROR - Error downloading pubmed25n0452.xml.gz: 
2025-04-18 20:06:37,418 - ERROR - Error downloading pubmed25n0454.xml.gz: 
2025-04-18 20:06:37,418 - ERROR - Error downloading pubmed25n0455.xml.gz: 
2025-04-18 20:06:37,418 - ERROR - Error downloading pubmed25n0456.xml.gz: 
2025-04-18 20:06:37,419 - ERROR - Error downloading pubmed25n0457.xml.gz: 
2025-04-18 20:06:37,419 - ERROR - Error downloading pubmed25n0458.xml.gz: 
2025-04-18 20:06:37,419 - ERROR - Error downloading pubmed25n0459.xml.gz: 
2025-04-18 20:06:37,419 - ERROR - Error downloading pubmed25n0460.xml.gz: 
2025-04-18 20:06:37,419 - ERROR - Error downloading pubmed25n0461.xml.gz: 
2025-04-18 20:06:37,419 - ERROR - Error downloading pubmed25n0462.xml.gz: 
2025-04-18 20:06:37,419 - ERROR - Error downloading pubmed25n0463.xml.gz: 
2025-04-18 20:06:37,419 - ERROR - Error downloading pubmed25n0464.xml.gz: 
2025-04-18 20:06:37,419 - ERROR - Error downloading pubmed25n0465.xml.gz: 
2025-04-18 20:06:37,419 - ERROR - Error downloading pubmed25n0466.xml.gz: 
2025-04-18 20:06:37,419 - ERROR - Error downloading pubmed25n0467.xml.gz: 
2025-04-18 20:06:37,419 - ERROR - Error downloading pubmed25n0468.xml.gz: 
2025-04-18 20:06:37,419 - ERROR - Error downloading pubmed25n0469.xml.gz: 
2025-04-18 20:06:37,419 - ERROR - Error downloading pubmed25n0470.xml.gz: 
2025-04-18 20:06:37,419 - ERROR - Error downloading pubmed25n0471.xml.gz: 
2025-04-18 20:06:37,420 - ERROR - Error downloading pubmed25n0472.xml.gz: 
2025-04-18 20:06:37,420 - ERROR - Error downloading pubmed25n0473.xml.gz: 
2025-04-18 20:06:37,420 - ERROR - Error downloading pubmed25n0474.xml.gz: 
2025-04-18 20:06:37,420 - ERROR - Error downloading pubmed25n0475.xml.gz: 
2025-04-18 20:06:37,420 - ERROR - Error downloading pubmed25n0476.xml.gz: 
2025-04-18 20:06:37,420 - ERROR - Error downloading pubmed25n0477.xml.gz: 
2025-04-18 20:06:37,420 - ERROR - Error downloading pubmed25n0478.xml.gz: 
2025-04-18 20:06:37,420 - ERROR - Error downloading pubmed25n0479.xml.gz: 
2025-04-18 20:06:37,420 - ERROR - Error downloading pubmed25n0480.xml.gz: 
2025-04-18 20:06:37,420 - ERROR - Error downloading pubmed25n0481.xml.gz: 
2025-04-18 20:06:37,420 - ERROR - Error downloading pubmed25n0482.xml.gz: 
2025-04-18 20:06:37,420 - ERROR - Error downloading pubmed25n0483.xml.gz: 
2025-04-18 20:06:37,421 - ERROR - Error downloading pubmed25n0484.xml.gz: 
2025-04-18 20:06:37,421 - ERROR - Error downloading pubmed25n0485.xml.gz: 
2025-04-18 20:06:37,421 - ERROR - Error downloading pubmed25n0486.xml.gz: 
2025-04-18 20:06:37,421 - ERROR - Error downloading pubmed25n0487.xml.gz: 
2025-04-18 20:06:37,421 - ERROR - Error downloading pubmed25n0488.xml.gz: 
2025-04-18 20:06:37,421 - ERROR - Error downloading pubmed25n0489.xml.gz: 
2025-04-18 20:06:37,421 - ERROR - Error downloading pubmed25n0490.xml.gz: 
2025-04-18 20:06:37,421 - ERROR - Error downloading pubmed25n0491.xml.gz: 
2025-04-18 20:06:37,421 - ERROR - Error downloading pubmed25n0492.xml.gz: 
2025-04-18 20:06:37,421 - ERROR - Error downloading pubmed25n0493.xml.gz: 
2025-04-18 20:06:37,421 - ERROR - Error downloading pubmed25n0494.xml.gz: 
2025-04-18 20:06:37,421 - ERROR - Error downloading pubmed25n0495.xml.gz: 
2025-04-18 20:06:37,421 - ERROR - Error downloading pubmed25n0496.xml.gz: 
2025-04-18 20:06:37,421 - ERROR - Error downloading pubmed25n0497.xml.gz: 
2025-04-18 20:06:37,421 - ERROR - Error downloading pubmed25n0498.xml.gz: 
2025-04-18 20:06:37,422 - ERROR - Error downloading pubmed25n0499.xml.gz: 
2025-04-18 20:06:37,422 - ERROR - Error downloading pubmed25n0500.xml.gz: 
2025-04-18 20:06:37,422 - ERROR - Error downloading pubmed25n0501.xml.gz: 
2025-04-18 20:06:37,422 - ERROR - Error downloading pubmed25n0503.xml.gz: 
2025-04-18 20:06:37,422 - ERROR - Error downloading pubmed25n0502.xml.gz: 
2025-04-18 20:06:37,422 - ERROR - Error downloading pubmed25n0556.xml.gz: 
2025-04-18 20:06:37,422 - ERROR - Error downloading pubmed25n0504.xml.gz: 
2025-04-18 20:06:37,422 - ERROR - Error downloading pubmed25n0505.xml.gz: 
2025-04-18 20:06:37,422 - ERROR - Error downloading pubmed25n0506.xml.gz: 
2025-04-18 20:06:37,422 - ERROR - Error downloading pubmed25n0507.xml.gz: 
2025-04-18 20:06:37,422 - ERROR - Error downloading pubmed25n0508.xml.gz: 
2025-04-18 20:06:37,422 - ERROR - Error downloading pubmed25n0510.xml.gz: 
2025-04-18 20:06:37,422 - ERROR - Error downloading pubmed25n0509.xml.gz: 
2025-04-18 20:06:37,422 - ERROR - Error downloading pubmed25n0512.xml.gz: 
2025-04-18 20:06:37,423 - ERROR - Error downloading pubmed25n0511.xml.gz: 
2025-04-18 20:06:37,423 - ERROR - Error downloading pubmed25n0513.xml.gz: 
2025-04-18 20:06:37,423 - ERROR - Error downloading pubmed25n0514.xml.gz: 
2025-04-18 20:06:37,423 - ERROR - Error downloading pubmed25n0515.xml.gz: 
2025-04-18 20:06:37,423 - ERROR - Error downloading pubmed25n0516.xml.gz: 
2025-04-18 20:06:37,423 - ERROR - Error downloading pubmed25n0517.xml.gz: 
2025-04-18 20:06:37,423 - ERROR - Error downloading pubmed25n0518.xml.gz: 
2025-04-18 20:06:37,423 - ERROR - Error downloading pubmed25n0519.xml.gz: 
2025-04-18 20:06:37,423 - ERROR - Error downloading pubmed25n0520.xml.gz: 
2025-04-18 20:06:37,423 - ERROR - Error downloading pubmed25n0521.xml.gz: 
2025-04-18 20:06:37,423 - ERROR - Error downloading pubmed25n0522.xml.gz: 
2025-04-18 20:06:37,423 - ERROR - Error downloading pubmed25n0523.xml.gz: 
2025-04-18 20:06:37,423 - ERROR - Error downloading pubmed25n0524.xml.gz: 
2025-04-18 20:06:37,423 - ERROR - Error downloading pubmed25n0525.xml.gz: 
2025-04-18 20:06:37,423 - ERROR - Error downloading pubmed25n0526.xml.gz: 
2025-04-18 20:06:37,424 - ERROR - Error downloading pubmed25n0527.xml.gz: 
2025-04-18 20:06:37,424 - ERROR - Error downloading pubmed25n0528.xml.gz: 
2025-04-18 20:06:37,424 - ERROR - Error downloading pubmed25n0529.xml.gz: 
2025-04-18 20:06:37,424 - ERROR - Error downloading pubmed25n0531.xml.gz: 
2025-04-18 20:06:37,424 - ERROR - Error downloading pubmed25n0530.xml.gz: 
2025-04-18 20:06:37,424 - ERROR - Error downloading pubmed25n0532.xml.gz: 
2025-04-18 20:06:37,424 - ERROR - Error downloading pubmed25n0533.xml.gz: 
2025-04-18 20:06:37,424 - ERROR - Error downloading pubmed25n0534.xml.gz: 
2025-04-18 20:06:37,424 - ERROR - Error downloading pubmed25n0535.xml.gz: 
2025-04-18 20:06:37,424 - ERROR - Error downloading pubmed25n0536.xml.gz: 
2025-04-18 20:06:37,424 - ERROR - Error downloading pubmed25n0537.xml.gz: 
2025-04-18 20:06:37,424 - ERROR - Error downloading pubmed25n0538.xml.gz: 
2025-04-18 20:06:37,424 - ERROR - Error downloading pubmed25n0539.xml.gz: 
2025-04-18 20:06:37,424 - ERROR - Error downloading pubmed25n0540.xml.gz: 
2025-04-18 20:06:37,425 - ERROR - Error downloading pubmed25n0541.xml.gz: 
2025-04-18 20:06:37,425 - ERROR - Error downloading pubmed25n0542.xml.gz: 
2025-04-18 20:06:37,425 - ERROR - Error downloading pubmed25n0543.xml.gz: 
2025-04-18 20:06:37,425 - ERROR - Error downloading pubmed25n0544.xml.gz: 
2025-04-18 20:06:37,425 - ERROR - Error downloading pubmed25n0545.xml.gz: 
2025-04-18 20:06:37,425 - ERROR - Error downloading pubmed25n0546.xml.gz: 
2025-04-18 20:06:37,425 - ERROR - Error downloading pubmed25n0547.xml.gz: 
2025-04-18 20:06:37,425 - ERROR - Error downloading pubmed25n0548.xml.gz: 
2025-04-18 20:06:37,425 - ERROR - Error downloading pubmed25n0549.xml.gz: 
2025-04-18 20:06:37,425 - ERROR - Error downloading pubmed25n0550.xml.gz: 
2025-04-18 20:06:37,425 - ERROR - Error downloading pubmed25n0551.xml.gz: 
2025-04-18 20:06:37,425 - ERROR - Error downloading pubmed25n0552.xml.gz: 
2025-04-18 20:06:37,425 - ERROR - Error downloading pubmed25n0553.xml.gz: 
2025-04-18 20:06:37,425 - ERROR - Error downloading pubmed25n0554.xml.gz: 
2025-04-18 20:06:37,425 - ERROR - Error downloading pubmed25n0555.xml.gz: 
2025-04-18 20:06:37,426 - ERROR - Error downloading pubmed25n0610.xml.gz: 
2025-04-18 20:06:37,426 - ERROR - Error downloading pubmed25n0557.xml.gz: 
2025-04-18 20:06:37,426 - ERROR - Error downloading pubmed25n0558.xml.gz: 
2025-04-18 20:06:37,426 - ERROR - Error downloading pubmed25n0559.xml.gz: 
2025-04-18 20:06:37,426 - ERROR - Error downloading pubmed25n0560.xml.gz: 
2025-04-18 20:06:37,426 - ERROR - Error downloading pubmed25n0561.xml.gz: 
2025-04-18 20:06:37,426 - ERROR - Error downloading pubmed25n0562.xml.gz: 
2025-04-18 20:06:37,426 - ERROR - Error downloading pubmed25n0564.xml.gz: 
2025-04-18 20:06:37,426 - ERROR - Error downloading pubmed25n0563.xml.gz: 
2025-04-18 20:06:37,426 - ERROR - Error downloading pubmed25n0565.xml.gz: 
2025-04-18 20:06:37,426 - ERROR - Error downloading pubmed25n0566.xml.gz: 
2025-04-18 20:06:37,426 - ERROR - Error downloading pubmed25n0567.xml.gz: 
2025-04-18 20:06:37,426 - ERROR - Error downloading pubmed25n0568.xml.gz: 
2025-04-18 20:06:37,426 - ERROR - Error downloading pubmed25n0569.xml.gz: 
2025-04-18 20:06:37,426 - ERROR - Error downloading pubmed25n0570.xml.gz: 
2025-04-18 20:06:37,426 - ERROR - Error downloading pubmed25n0571.xml.gz: 
2025-04-18 20:06:37,427 - ERROR - Error downloading pubmed25n0572.xml.gz: 
2025-04-18 20:06:37,427 - ERROR - Error downloading pubmed25n0573.xml.gz: 
2025-04-18 20:06:37,427 - ERROR - Error downloading pubmed25n0576.xml.gz: 
2025-04-18 20:06:37,427 - ERROR - Error downloading pubmed25n0574.xml.gz: 
2025-04-18 20:06:37,427 - ERROR - Error downloading pubmed25n0575.xml.gz: 
2025-04-18 20:06:37,427 - ERROR - Error downloading pubmed25n0577.xml.gz: 
2025-04-18 20:06:37,427 - ERROR - Error downloading pubmed25n0578.xml.gz: 
2025-04-18 20:06:37,427 - ERROR - Error downloading pubmed25n0579.xml.gz: 
2025-04-18 20:06:37,427 - ERROR - Error downloading pubmed25n0580.xml.gz: 
2025-04-18 20:06:37,427 - ERROR - Error downloading pubmed25n0581.xml.gz: 
2025-04-18 20:06:37,427 - ERROR - Error downloading pubmed25n0582.xml.gz: 
2025-04-18 20:06:37,427 - ERROR - Error downloading pubmed25n0583.xml.gz: 
2025-04-18 20:06:37,427 - ERROR - Error downloading pubmed25n0584.xml.gz: 
2025-04-18 20:06:37,427 - ERROR - Error downloading pubmed25n0585.xml.gz: 
2025-04-18 20:06:37,428 - ERROR - Error downloading pubmed25n0587.xml.gz: 
2025-04-18 20:06:37,428 - ERROR - Error downloading pubmed25n0586.xml.gz: 
2025-04-18 20:06:37,428 - ERROR - Error downloading pubmed25n0588.xml.gz: 
2025-04-18 20:06:37,428 - ERROR - Error downloading pubmed25n0589.xml.gz: 
2025-04-18 20:06:37,428 - ERROR - Error downloading pubmed25n0590.xml.gz: 
2025-04-18 20:06:37,428 - ERROR - Error downloading pubmed25n0591.xml.gz: 
2025-04-18 20:06:37,428 - ERROR - Error downloading pubmed25n0592.xml.gz: 
2025-04-18 20:06:37,428 - ERROR - Error downloading pubmed25n0593.xml.gz: 
2025-04-18 20:06:37,428 - ERROR - Error downloading pubmed25n0594.xml.gz: 
2025-04-18 20:06:37,428 - ERROR - Error downloading pubmed25n0595.xml.gz: 
2025-04-18 20:06:37,428 - ERROR - Error downloading pubmed25n0596.xml.gz: 
2025-04-18 20:06:37,428 - ERROR - Error downloading pubmed25n0597.xml.gz: 
2025-04-18 20:06:37,428 - ERROR - Error downloading pubmed25n0598.xml.gz: 
2025-04-18 20:06:37,428 - ERROR - Error downloading pubmed25n0599.xml.gz: 
2025-04-18 20:06:37,428 - ERROR - Error downloading pubmed25n0600.xml.gz: 
2025-04-18 20:06:37,429 - ERROR - Error downloading pubmed25n0601.xml.gz: 
2025-04-18 20:06:37,429 - ERROR - Error downloading pubmed25n0602.xml.gz: 
2025-04-18 20:06:37,429 - ERROR - Error downloading pubmed25n0603.xml.gz: 
2025-04-18 20:06:37,429 - ERROR - Error downloading pubmed25n0604.xml.gz: 
2025-04-18 20:06:37,429 - ERROR - Error downloading pubmed25n0605.xml.gz: 
2025-04-18 20:06:37,429 - ERROR - Error downloading pubmed25n0606.xml.gz: 
2025-04-18 20:06:37,429 - ERROR - Error downloading pubmed25n0607.xml.gz: 
2025-04-18 20:06:37,429 - ERROR - Error downloading pubmed25n0608.xml.gz: 
2025-04-18 20:06:37,429 - ERROR - Error downloading pubmed25n0662.xml.gz: 
2025-04-18 20:06:37,429 - ERROR - Error downloading pubmed25n0611.xml.gz: 
2025-04-18 20:06:37,429 - ERROR - Error downloading pubmed25n0609.xml.gz: 
2025-04-18 20:06:37,429 - ERROR - Error downloading pubmed25n0612.xml.gz: 
2025-04-18 20:06:37,429 - ERROR - Error downloading pubmed25n0614.xml.gz: 
2025-04-18 20:06:37,429 - ERROR - Error downloading pubmed25n0613.xml.gz: 
2025-04-18 20:06:37,429 - ERROR - Error downloading pubmed25n0615.xml.gz: 
2025-04-18 20:06:37,430 - ERROR - Error downloading pubmed25n0616.xml.gz: 
2025-04-18 20:06:37,430 - ERROR - Error downloading pubmed25n0617.xml.gz: 
2025-04-18 20:06:37,430 - ERROR - Error downloading pubmed25n0618.xml.gz: 
2025-04-18 20:06:37,430 - ERROR - Error downloading pubmed25n0619.xml.gz: 
2025-04-18 20:06:37,430 - ERROR - Error downloading pubmed25n0620.xml.gz: 
2025-04-18 20:06:37,430 - ERROR - Error downloading pubmed25n0621.xml.gz: 
2025-04-18 20:06:37,430 - ERROR - Error downloading pubmed25n0622.xml.gz: 
2025-04-18 20:06:37,430 - ERROR - Error downloading pubmed25n0623.xml.gz: 
2025-04-18 20:06:37,430 - ERROR - Error downloading pubmed25n0624.xml.gz: 
2025-04-18 20:06:37,430 - ERROR - Error downloading pubmed25n0625.xml.gz: 
2025-04-18 20:06:37,430 - ERROR - Error downloading pubmed25n0626.xml.gz: 
2025-04-18 20:06:37,430 - ERROR - Error downloading pubmed25n0627.xml.gz: 
2025-04-18 20:06:37,430 - ERROR - Error downloading pubmed25n0628.xml.gz: 
2025-04-18 20:06:37,430 - ERROR - Error downloading pubmed25n0629.xml.gz: 
2025-04-18 20:06:37,430 - ERROR - Error downloading pubmed25n0630.xml.gz: 
2025-04-18 20:06:37,431 - ERROR - Error downloading pubmed25n0631.xml.gz: 
2025-04-18 20:06:37,431 - ERROR - Error downloading pubmed25n0632.xml.gz: 
2025-04-18 20:06:37,431 - ERROR - Error downloading pubmed25n0635.xml.gz: 
2025-04-18 20:06:37,431 - ERROR - Error downloading pubmed25n0633.xml.gz: 
2025-04-18 20:06:37,431 - ERROR - Error downloading pubmed25n0634.xml.gz: 
2025-04-18 20:06:37,431 - ERROR - Error downloading pubmed25n0636.xml.gz: 
2025-04-18 20:06:37,431 - ERROR - Error downloading pubmed25n0637.xml.gz: 
2025-04-18 20:06:37,431 - ERROR - Error downloading pubmed25n0638.xml.gz: 
2025-04-18 20:06:37,431 - ERROR - Error downloading pubmed25n0639.xml.gz: 
2025-04-18 20:06:37,431 - ERROR - Error downloading pubmed25n0640.xml.gz: 
2025-04-18 20:06:37,431 - ERROR - Error downloading pubmed25n0641.xml.gz: 
2025-04-18 20:06:37,431 - ERROR - Error downloading pubmed25n0642.xml.gz: 
2025-04-18 20:06:37,431 - ERROR - Error downloading pubmed25n0643.xml.gz: 
2025-04-18 20:06:37,431 - ERROR - Error downloading pubmed25n0644.xml.gz: 
2025-04-18 20:06:37,431 - ERROR - Error downloading pubmed25n0645.xml.gz: 
2025-04-18 20:06:37,432 - ERROR - Error downloading pubmed25n0646.xml.gz: 
2025-04-18 20:06:37,432 - ERROR - Error downloading pubmed25n0647.xml.gz: 
2025-04-18 20:06:37,432 - ERROR - Error downloading pubmed25n0648.xml.gz: 
2025-04-18 20:06:37,432 - ERROR - Error downloading pubmed25n0649.xml.gz: 
2025-04-18 20:06:37,432 - ERROR - Error downloading pubmed25n0650.xml.gz: 
2025-04-18 20:06:37,432 - ERROR - Error downloading pubmed25n0651.xml.gz: 
2025-04-18 20:06:37,432 - ERROR - Error downloading pubmed25n0653.xml.gz: 
2025-04-18 20:06:37,432 - ERROR - Error downloading pubmed25n0652.xml.gz: 
2025-04-18 20:06:37,432 - ERROR - Error downloading pubmed25n0654.xml.gz: 
2025-04-18 20:06:37,432 - ERROR - Error downloading pubmed25n0655.xml.gz: 
2025-04-18 20:06:37,432 - ERROR - Error downloading pubmed25n0656.xml.gz: 
2025-04-18 20:06:37,432 - ERROR - Error downloading pubmed25n0657.xml.gz: 
2025-04-18 20:06:37,432 - ERROR - Error downloading pubmed25n0658.xml.gz: 
2025-04-18 20:06:37,432 - ERROR - Error downloading pubmed25n0659.xml.gz: 
2025-04-18 20:06:37,432 - ERROR - Error downloading pubmed25n0660.xml.gz: 
2025-04-18 20:06:37,433 - ERROR - Error downloading pubmed25n0661.xml.gz: 
2025-04-18 20:06:37,433 - ERROR - Error downloading pubmed25n0715.xml.gz: 
2025-04-18 20:06:37,433 - ERROR - Error downloading pubmed25n0663.xml.gz: 
2025-04-18 20:06:37,433 - ERROR - Error downloading pubmed25n0664.xml.gz: 
2025-04-18 20:06:37,433 - ERROR - Error downloading pubmed25n0665.xml.gz: 
2025-04-18 20:06:37,433 - ERROR - Error downloading pubmed25n0666.xml.gz: 
2025-04-18 20:06:37,433 - ERROR - Error downloading pubmed25n0669.xml.gz: 
2025-04-18 20:06:37,433 - ERROR - Error downloading pubmed25n0667.xml.gz: 
2025-04-18 20:06:37,433 - ERROR - Error downloading pubmed25n0668.xml.gz: 
2025-04-18 20:06:37,433 - ERROR - Error downloading pubmed25n0670.xml.gz: 
2025-04-18 20:06:37,433 - ERROR - Error downloading pubmed25n0671.xml.gz: 
2025-04-18 20:06:37,433 - ERROR - Error downloading pubmed25n0672.xml.gz: 
2025-04-18 20:06:37,433 - ERROR - Error downloading pubmed25n0673.xml.gz: 
2025-04-18 20:06:37,433 - ERROR - Error downloading pubmed25n0674.xml.gz: 
2025-04-18 20:06:37,434 - ERROR - Error downloading pubmed25n0676.xml.gz: 
2025-04-18 20:06:37,434 - ERROR - Error downloading pubmed25n0677.xml.gz: 
2025-04-18 20:06:37,434 - ERROR - Error downloading pubmed25n0675.xml.gz: 
2025-04-18 20:06:37,434 - ERROR - Error downloading pubmed25n0678.xml.gz: 
2025-04-18 20:06:37,434 - ERROR - Error downloading pubmed25n0679.xml.gz: 
2025-04-18 20:06:37,434 - ERROR - Error downloading pubmed25n0680.xml.gz: 
2025-04-18 20:06:37,434 - ERROR - Error downloading pubmed25n0681.xml.gz: 
2025-04-18 20:06:37,434 - ERROR - Error downloading pubmed25n0682.xml.gz: 
2025-04-18 20:06:37,434 - ERROR - Error downloading pubmed25n0683.xml.gz: 
2025-04-18 20:06:37,434 - ERROR - Error downloading pubmed25n0684.xml.gz: 
2025-04-18 20:06:37,434 - ERROR - Error downloading pubmed25n0685.xml.gz: 
2025-04-18 20:06:37,434 - ERROR - Error downloading pubmed25n0686.xml.gz: 
2025-04-18 20:06:37,435 - ERROR - Error downloading pubmed25n0687.xml.gz: 
2025-04-18 20:06:37,435 - ERROR - Error downloading pubmed25n0688.xml.gz: 
2025-04-18 20:06:37,435 - ERROR - Error downloading pubmed25n0689.xml.gz: 
2025-04-18 20:06:37,435 - ERROR - Error downloading pubmed25n0690.xml.gz: 
2025-04-18 20:06:37,435 - ERROR - Error downloading pubmed25n0691.xml.gz: 
2025-04-18 20:06:37,435 - ERROR - Error downloading pubmed25n0692.xml.gz: 
2025-04-18 20:06:37,435 - ERROR - Error downloading pubmed25n0693.xml.gz: 
2025-04-18 20:06:37,435 - ERROR - Error downloading pubmed25n0694.xml.gz: 
2025-04-18 20:06:37,435 - ERROR - Error downloading pubmed25n0695.xml.gz: 
2025-04-18 20:06:37,435 - ERROR - Error downloading pubmed25n0696.xml.gz: 
2025-04-18 20:06:37,435 - ERROR - Error downloading pubmed25n0697.xml.gz: 
2025-04-18 20:06:37,435 - ERROR - Error downloading pubmed25n0698.xml.gz: 
2025-04-18 20:06:37,435 - ERROR - Error downloading pubmed25n0699.xml.gz: 
2025-04-18 20:06:37,435 - ERROR - Error downloading pubmed25n0700.xml.gz: 
2025-04-18 20:06:37,436 - ERROR - Error downloading pubmed25n0701.xml.gz: 
2025-04-18 20:06:37,436 - ERROR - Error downloading pubmed25n0702.xml.gz: 
2025-04-18 20:06:37,436 - ERROR - Error downloading pubmed25n0703.xml.gz: 
2025-04-18 20:06:37,436 - ERROR - Error downloading pubmed25n0704.xml.gz: 
2025-04-18 20:06:37,436 - ERROR - Error downloading pubmed25n0705.xml.gz: 
2025-04-18 20:06:37,436 - ERROR - Error downloading pubmed25n0706.xml.gz: 
2025-04-18 20:06:37,436 - ERROR - Error downloading pubmed25n0707.xml.gz: 
2025-04-18 20:06:37,436 - ERROR - Error downloading pubmed25n0709.xml.gz: 
2025-04-18 20:06:37,436 - ERROR - Error downloading pubmed25n0708.xml.gz: 
2025-04-18 20:06:37,436 - ERROR - Error downloading pubmed25n0710.xml.gz: 
2025-04-18 20:06:37,436 - ERROR - Error downloading pubmed25n0711.xml.gz: 
2025-04-18 20:06:37,436 - ERROR - Error downloading pubmed25n0712.xml.gz: 
2025-04-18 20:06:37,436 - ERROR - Error downloading pubmed25n0713.xml.gz: 
2025-04-18 20:06:37,436 - ERROR - Error downloading pubmed25n0714.xml.gz: 
2025-04-18 20:06:37,436 - ERROR - Error downloading pubmed25n0768.xml.gz: 
2025-04-18 20:06:37,437 - ERROR - Error downloading pubmed25n0716.xml.gz: 
2025-04-18 20:06:37,437 - ERROR - Error downloading pubmed25n0717.xml.gz: 
2025-04-18 20:06:37,437 - ERROR - Error downloading pubmed25n0718.xml.gz: 
2025-04-18 20:06:37,437 - ERROR - Error downloading pubmed25n0719.xml.gz: 
2025-04-18 20:06:37,437 - ERROR - Error downloading pubmed25n0720.xml.gz: 
2025-04-18 20:06:37,437 - ERROR - Error downloading pubmed25n0721.xml.gz: 
2025-04-18 20:06:37,437 - ERROR - Error downloading pubmed25n0722.xml.gz: 
2025-04-18 20:06:37,437 - ERROR - Error downloading pubmed25n0723.xml.gz: 
2025-04-18 20:06:37,437 - ERROR - Error downloading pubmed25n0724.xml.gz: 
2025-04-18 20:06:37,437 - ERROR - Error downloading pubmed25n0725.xml.gz: 
2025-04-18 20:06:37,437 - ERROR - Error downloading pubmed25n0726.xml.gz: 
2025-04-18 20:06:37,437 - ERROR - Error downloading pubmed25n0727.xml.gz: 
2025-04-18 20:06:37,437 - ERROR - Error downloading pubmed25n0728.xml.gz: 
2025-04-18 20:06:37,437 - ERROR - Error downloading pubmed25n0729.xml.gz: 
2025-04-18 20:06:37,438 - ERROR - Error downloading pubmed25n0730.xml.gz: 
2025-04-18 20:06:37,438 - ERROR - Error downloading pubmed25n0731.xml.gz: 
2025-04-18 20:06:37,438 - ERROR - Error downloading pubmed25n0732.xml.gz: 
2025-04-18 20:06:37,438 - ERROR - Error downloading pubmed25n0733.xml.gz: 
2025-04-18 20:06:37,438 - ERROR - Error downloading pubmed25n0734.xml.gz: 
2025-04-18 20:06:37,438 - ERROR - Error downloading pubmed25n0735.xml.gz: 
2025-04-18 20:06:37,438 - ERROR - Error downloading pubmed25n0736.xml.gz: 
2025-04-18 20:06:37,438 - ERROR - Error downloading pubmed25n0737.xml.gz: 
2025-04-18 20:06:37,438 - ERROR - Error downloading pubmed25n0738.xml.gz: 
2025-04-18 20:06:37,438 - ERROR - Error downloading pubmed25n0739.xml.gz: 
2025-04-18 20:06:37,438 - ERROR - Error downloading pubmed25n0740.xml.gz: 
2025-04-18 20:06:37,438 - ERROR - Error downloading pubmed25n0741.xml.gz: 
2025-04-18 20:06:37,438 - ERROR - Error downloading pubmed25n0742.xml.gz: 
2025-04-18 20:06:37,438 - ERROR - Error downloading pubmed25n0743.xml.gz: 
2025-04-18 20:06:37,438 - ERROR - Error downloading pubmed25n0745.xml.gz: 
2025-04-18 20:06:37,438 - ERROR - Error downloading pubmed25n0746.xml.gz: 
2025-04-18 20:06:37,439 - ERROR - Error downloading pubmed25n0744.xml.gz: 
2025-04-18 20:06:37,439 - ERROR - Error downloading pubmed25n0747.xml.gz: 
2025-04-18 20:06:37,439 - ERROR - Error downloading pubmed25n0748.xml.gz: 
2025-04-18 20:06:37,439 - ERROR - Error downloading pubmed25n0749.xml.gz: 
2025-04-18 20:06:37,439 - ERROR - Error downloading pubmed25n0750.xml.gz: 
2025-04-18 20:06:37,439 - ERROR - Error downloading pubmed25n0751.xml.gz: 
2025-04-18 20:06:37,439 - ERROR - Error downloading pubmed25n0752.xml.gz: 
2025-04-18 20:06:37,439 - ERROR - Error downloading pubmed25n0753.xml.gz: 
2025-04-18 20:06:37,439 - ERROR - Error downloading pubmed25n0754.xml.gz: 
2025-04-18 20:06:37,439 - ERROR - Error downloading pubmed25n0755.xml.gz: 
2025-04-18 20:06:37,439 - ERROR - Error downloading pubmed25n0756.xml.gz: 
2025-04-18 20:06:37,439 - ERROR - Error downloading pubmed25n0757.xml.gz: 
2025-04-18 20:06:37,439 - ERROR - Error downloading pubmed25n0758.xml.gz: 
2025-04-18 20:06:37,439 - ERROR - Error downloading pubmed25n0760.xml.gz: 
2025-04-18 20:06:37,439 - ERROR - Error downloading pubmed25n0759.xml.gz: 
2025-04-18 20:06:37,439 - ERROR - Error downloading pubmed25n0761.xml.gz: 
2025-04-18 20:06:37,439 - ERROR - Error downloading pubmed25n0762.xml.gz: 
2025-04-18 20:06:37,439 - ERROR - Error downloading pubmed25n0763.xml.gz: 
2025-04-18 20:06:37,439 - ERROR - Error downloading pubmed25n0765.xml.gz: 
2025-04-18 20:06:37,439 - ERROR - Error downloading pubmed25n0764.xml.gz: 
2025-04-18 20:06:37,439 - ERROR - Error downloading pubmed25n0766.xml.gz: 
2025-04-18 20:06:37,439 - ERROR - Error downloading pubmed25n0767.xml.gz: 
2025-04-18 20:06:37,439 - ERROR - Error downloading pubmed25n0821.xml.gz: 
2025-04-18 20:06:37,439 - ERROR - Error downloading pubmed25n0769.xml.gz: 
2025-04-18 20:06:37,440 - ERROR - Error downloading pubmed25n0770.xml.gz: 
2025-04-18 20:06:37,440 - ERROR - Error downloading pubmed25n0771.xml.gz: 
2025-04-18 20:06:37,440 - ERROR - Error downloading pubmed25n0772.xml.gz: 
2025-04-18 20:06:37,440 - ERROR - Error downloading pubmed25n0773.xml.gz: 
2025-04-18 20:06:37,440 - ERROR - Error downloading pubmed25n0775.xml.gz: 
2025-04-18 20:06:37,440 - ERROR - Error downloading pubmed25n0774.xml.gz: 
2025-04-18 20:06:37,440 - ERROR - Error downloading pubmed25n0777.xml.gz: 
2025-04-18 20:06:37,440 - ERROR - Error downloading pubmed25n0776.xml.gz: 
2025-04-18 20:06:37,440 - ERROR - Error downloading pubmed25n0779.xml.gz: 
2025-04-18 20:06:37,440 - ERROR - Error downloading pubmed25n0778.xml.gz: 
2025-04-18 20:06:37,440 - ERROR - Error downloading pubmed25n0780.xml.gz: 
2025-04-18 20:06:37,440 - ERROR - Error downloading pubmed25n0781.xml.gz: 
2025-04-18 20:06:37,440 - ERROR - Error downloading pubmed25n0782.xml.gz: 
2025-04-18 20:06:37,440 - ERROR - Error downloading pubmed25n0783.xml.gz: 
2025-04-18 20:06:37,440 - ERROR - Error downloading pubmed25n0784.xml.gz: 
2025-04-18 20:06:37,440 - ERROR - Error downloading pubmed25n0786.xml.gz: 
2025-04-18 20:06:37,440 - ERROR - Error downloading pubmed25n0785.xml.gz: 
2025-04-18 20:06:37,440 - ERROR - Error downloading pubmed25n0787.xml.gz: 
2025-04-18 20:06:37,440 - ERROR - Error downloading pubmed25n0788.xml.gz: 
2025-04-18 20:06:37,440 - ERROR - Error downloading pubmed25n0789.xml.gz: 
2025-04-18 20:06:37,440 - ERROR - Error downloading pubmed25n0790.xml.gz: 
2025-04-18 20:06:37,440 - ERROR - Error downloading pubmed25n0791.xml.gz: 
2025-04-18 20:06:37,440 - ERROR - Error downloading pubmed25n0792.xml.gz: 
2025-04-18 20:06:37,440 - ERROR - Error downloading pubmed25n0793.xml.gz: 
2025-04-18 20:06:37,440 - ERROR - Error downloading pubmed25n0794.xml.gz: 
2025-04-18 20:06:37,440 - ERROR - Error downloading pubmed25n0795.xml.gz: 
2025-04-18 20:06:37,440 - ERROR - Error downloading pubmed25n0797.xml.gz: 
2025-04-18 20:06:37,440 - ERROR - Error downloading pubmed25n0796.xml.gz: 
2025-04-18 20:06:37,440 - ERROR - Error downloading pubmed25n0798.xml.gz: 
2025-04-18 20:06:37,440 - ERROR - Error downloading pubmed25n0799.xml.gz: 
2025-04-18 20:06:37,440 - ERROR - Error downloading pubmed25n0801.xml.gz: 
2025-04-18 20:06:37,440 - ERROR - Error downloading pubmed25n0802.xml.gz: 
2025-04-18 20:06:37,440 - ERROR - Error downloading pubmed25n0800.xml.gz: 
2025-04-18 20:06:37,440 - ERROR - Error downloading pubmed25n0803.xml.gz: 
2025-04-18 20:06:37,441 - ERROR - Error downloading pubmed25n0804.xml.gz: 
2025-04-18 20:06:37,441 - ERROR - Error downloading pubmed25n0805.xml.gz: 
2025-04-18 20:06:37,441 - ERROR - Error downloading pubmed25n0807.xml.gz: 
2025-04-18 20:06:37,441 - ERROR - Error downloading pubmed25n0806.xml.gz: 
2025-04-18 20:06:37,441 - ERROR - Error downloading pubmed25n0808.xml.gz: 
2025-04-18 20:06:37,441 - ERROR - Error downloading pubmed25n0809.xml.gz: 
2025-04-18 20:06:37,441 - ERROR - Error downloading pubmed25n0810.xml.gz: 
2025-04-18 20:06:37,441 - ERROR - Error downloading pubmed25n0812.xml.gz: 
2025-04-18 20:06:37,441 - ERROR - Error downloading pubmed25n0811.xml.gz: 
2025-04-18 20:06:37,441 - ERROR - Error downloading pubmed25n0813.xml.gz: 
2025-04-18 20:06:37,441 - ERROR - Error downloading pubmed25n0814.xml.gz: 
2025-04-18 20:06:37,441 - ERROR - Error downloading pubmed25n0817.xml.gz: 
2025-04-18 20:06:37,441 - ERROR - Error downloading pubmed25n0815.xml.gz: 
2025-04-18 20:06:37,441 - ERROR - Error downloading pubmed25n0816.xml.gz: 
2025-04-18 20:06:37,441 - ERROR - Error downloading pubmed25n0818.xml.gz: 
2025-04-18 20:06:37,441 - ERROR - Error downloading pubmed25n0820.xml.gz: 
2025-04-18 20:06:37,441 - ERROR - Error downloading pubmed25n0819.xml.gz: 
2025-04-18 20:06:37,441 - ERROR - Error downloading pubmed25n0874.xml.gz: 
2025-04-18 20:06:37,441 - ERROR - Error downloading pubmed25n0822.xml.gz: 
2025-04-18 20:06:37,441 - ERROR - Error downloading pubmed25n0823.xml.gz: 
2025-04-18 20:06:37,441 - ERROR - Error downloading pubmed25n0824.xml.gz: 
2025-04-18 20:06:37,441 - ERROR - Error downloading pubmed25n0825.xml.gz: 
2025-04-18 20:06:37,441 - ERROR - Error downloading pubmed25n0826.xml.gz: 
2025-04-18 20:06:37,441 - ERROR - Error downloading pubmed25n0827.xml.gz: 
2025-04-18 20:06:37,441 - ERROR - Error downloading pubmed25n0828.xml.gz: 
2025-04-18 20:06:37,441 - ERROR - Error downloading pubmed25n0829.xml.gz: 
2025-04-18 20:06:37,441 - ERROR - Error downloading pubmed25n0830.xml.gz: 
2025-04-18 20:06:37,441 - ERROR - Error downloading pubmed25n0831.xml.gz: 
2025-04-18 20:06:37,441 - ERROR - Error downloading pubmed25n0832.xml.gz: 
2025-04-18 20:06:37,441 - ERROR - Error downloading pubmed25n0833.xml.gz: 
2025-04-18 20:06:37,441 - ERROR - Error downloading pubmed25n0834.xml.gz: 
2025-04-18 20:06:37,441 - ERROR - Error downloading pubmed25n0835.xml.gz: 
2025-04-18 20:06:37,441 - ERROR - Error downloading pubmed25n0836.xml.gz: 
2025-04-18 20:06:37,441 - ERROR - Error downloading pubmed25n0837.xml.gz: 
2025-04-18 20:06:37,442 - ERROR - Error downloading pubmed25n0838.xml.gz: 
2025-04-18 20:06:37,442 - ERROR - Error downloading pubmed25n0839.xml.gz: 
2025-04-18 20:06:37,442 - ERROR - Error downloading pubmed25n0840.xml.gz: 
2025-04-18 20:06:37,442 - ERROR - Error downloading pubmed25n0842.xml.gz: 
2025-04-18 20:06:37,442 - ERROR - Error downloading pubmed25n0841.xml.gz: 
2025-04-18 20:06:37,442 - ERROR - Error downloading pubmed25n0843.xml.gz: 
2025-04-18 20:06:37,442 - ERROR - Error downloading pubmed25n0844.xml.gz: 
2025-04-18 20:06:37,442 - ERROR - Error downloading pubmed25n0845.xml.gz: 
2025-04-18 20:06:37,442 - ERROR - Error downloading pubmed25n0846.xml.gz: 
2025-04-18 20:06:37,442 - ERROR - Error downloading pubmed25n0847.xml.gz: 
2025-04-18 20:06:37,442 - ERROR - Error downloading pubmed25n0848.xml.gz: 
2025-04-18 20:06:37,442 - ERROR - Error downloading pubmed25n0849.xml.gz: 
2025-04-18 20:06:37,442 - ERROR - Error downloading pubmed25n0850.xml.gz: 
2025-04-18 20:06:37,442 - ERROR - Error downloading pubmed25n0851.xml.gz: 
2025-04-18 20:06:37,442 - ERROR - Error downloading pubmed25n0852.xml.gz: 
2025-04-18 20:06:37,442 - ERROR - Error downloading pubmed25n0853.xml.gz: 
2025-04-18 20:06:37,442 - ERROR - Error downloading pubmed25n0854.xml.gz: 
2025-04-18 20:06:37,442 - ERROR - Error downloading pubmed25n0856.xml.gz: 
2025-04-18 20:06:37,442 - ERROR - Error downloading pubmed25n0855.xml.gz: 
2025-04-18 20:06:37,442 - ERROR - Error downloading pubmed25n0857.xml.gz: 
2025-04-18 20:06:37,442 - ERROR - Error downloading pubmed25n0858.xml.gz: 
2025-04-18 20:06:37,442 - ERROR - Error downloading pubmed25n0859.xml.gz: 
2025-04-18 20:06:37,442 - ERROR - Error downloading pubmed25n0860.xml.gz: 
2025-04-18 20:06:37,442 - ERROR - Error downloading pubmed25n0861.xml.gz: 
2025-04-18 20:06:37,442 - ERROR - Error downloading pubmed25n0862.xml.gz: 
2025-04-18 20:06:37,442 - ERROR - Error downloading pubmed25n0863.xml.gz: 
2025-04-18 20:06:37,442 - ERROR - Error downloading pubmed25n0864.xml.gz: 
2025-04-18 20:06:37,442 - ERROR - Error downloading pubmed25n0865.xml.gz: 
2025-04-18 20:06:37,442 - ERROR - Error downloading pubmed25n0867.xml.gz: 
2025-04-18 20:06:37,442 - ERROR - Error downloading pubmed25n0866.xml.gz: 
2025-04-18 20:06:37,442 - ERROR - Error downloading pubmed25n0868.xml.gz: 
2025-04-18 20:06:37,442 - ERROR - Error downloading pubmed25n0869.xml.gz: 
2025-04-18 20:06:37,442 - ERROR - Error downloading pubmed25n0871.xml.gz: 
2025-04-18 20:06:37,442 - ERROR - Error downloading pubmed25n0872.xml.gz: 
2025-04-18 20:06:37,442 - ERROR - Error downloading pubmed25n0870.xml.gz: 
2025-04-18 20:06:37,442 - ERROR - Error downloading pubmed25n0873.xml.gz: 
2025-04-18 20:06:37,442 - ERROR - Error downloading pubmed25n0927.xml.gz: 
2025-04-18 20:06:37,442 - ERROR - Error downloading pubmed25n0875.xml.gz: 
2025-04-18 20:06:37,443 - ERROR - Error downloading pubmed25n0876.xml.gz: 
2025-04-18 20:06:37,443 - ERROR - Error downloading pubmed25n0877.xml.gz: 
2025-04-18 20:06:37,443 - ERROR - Error downloading pubmed25n0878.xml.gz: 
2025-04-18 20:06:37,443 - ERROR - Error downloading pubmed25n0879.xml.gz: 
2025-04-18 20:06:37,443 - ERROR - Error downloading pubmed25n0881.xml.gz: 
2025-04-18 20:06:37,443 - ERROR - Error downloading pubmed25n0880.xml.gz: 
2025-04-18 20:06:37,443 - ERROR - Error downloading pubmed25n0882.xml.gz: 
2025-04-18 20:06:37,443 - ERROR - Error downloading pubmed25n0883.xml.gz: 
2025-04-18 20:06:37,443 - ERROR - Error downloading pubmed25n0884.xml.gz: 
2025-04-18 20:06:37,443 - ERROR - Error downloading pubmed25n0885.xml.gz: 
2025-04-18 20:06:37,443 - ERROR - Error downloading pubmed25n0886.xml.gz: 
2025-04-18 20:06:37,443 - ERROR - Error downloading pubmed25n0888.xml.gz: 
2025-04-18 20:06:37,443 - ERROR - Error downloading pubmed25n0887.xml.gz: 
2025-04-18 20:06:37,443 - ERROR - Error downloading pubmed25n0889.xml.gz: 
2025-04-18 20:06:37,443 - ERROR - Error downloading pubmed25n0890.xml.gz: 
2025-04-18 20:06:37,443 - ERROR - Error downloading pubmed25n0892.xml.gz: 
2025-04-18 20:06:37,443 - ERROR - Error downloading pubmed25n0893.xml.gz: 
2025-04-18 20:06:37,443 - ERROR - Error downloading pubmed25n0891.xml.gz: 
2025-04-18 20:06:37,443 - ERROR - Error downloading pubmed25n0894.xml.gz: 
2025-04-18 20:06:37,443 - ERROR - Error downloading pubmed25n0895.xml.gz: 
2025-04-18 20:06:37,443 - ERROR - Error downloading pubmed25n0896.xml.gz: 
2025-04-18 20:06:37,443 - ERROR - Error downloading pubmed25n0897.xml.gz: 
2025-04-18 20:06:37,443 - ERROR - Error downloading pubmed25n0898.xml.gz: 
2025-04-18 20:06:37,443 - ERROR - Error downloading pubmed25n0899.xml.gz: 
2025-04-18 20:06:37,443 - ERROR - Error downloading pubmed25n0900.xml.gz: 
2025-04-18 20:06:37,443 - ERROR - Error downloading pubmed25n0901.xml.gz: 
2025-04-18 20:06:37,443 - ERROR - Error downloading pubmed25n0902.xml.gz: 
2025-04-18 20:06:37,443 - ERROR - Error downloading pubmed25n0903.xml.gz: 
2025-04-18 20:06:37,443 - ERROR - Error downloading pubmed25n0904.xml.gz: 
2025-04-18 20:06:37,443 - ERROR - Error downloading pubmed25n0905.xml.gz: 
2025-04-18 20:06:37,443 - ERROR - Error downloading pubmed25n0906.xml.gz: 
2025-04-18 20:06:37,443 - ERROR - Error downloading pubmed25n0907.xml.gz: 
2025-04-18 20:06:37,443 - ERROR - Error downloading pubmed25n0908.xml.gz: 
2025-04-18 20:06:37,443 - ERROR - Error downloading pubmed25n0909.xml.gz: 
2025-04-18 20:06:37,443 - ERROR - Error downloading pubmed25n0910.xml.gz: 
2025-04-18 20:06:37,443 - ERROR - Error downloading pubmed25n0911.xml.gz: 
2025-04-18 20:06:37,444 - ERROR - Error downloading pubmed25n0912.xml.gz: 
2025-04-18 20:06:37,444 - ERROR - Error downloading pubmed25n0913.xml.gz: 
2025-04-18 20:06:37,444 - ERROR - Error downloading pubmed25n0914.xml.gz: 
2025-04-18 20:06:37,444 - ERROR - Error downloading pubmed25n0915.xml.gz: 
2025-04-18 20:06:37,444 - ERROR - Error downloading pubmed25n0916.xml.gz: 
2025-04-18 20:06:37,444 - ERROR - Error downloading pubmed25n0917.xml.gz: 
2025-04-18 20:06:37,444 - ERROR - Error downloading pubmed25n0919.xml.gz: 
2025-04-18 20:06:37,444 - ERROR - Error downloading pubmed25n0920.xml.gz: 
2025-04-18 20:06:37,444 - ERROR - Error downloading pubmed25n0918.xml.gz: 
2025-04-18 20:06:37,444 - ERROR - Error downloading pubmed25n0921.xml.gz: 
2025-04-18 20:06:37,444 - ERROR - Error downloading pubmed25n0922.xml.gz: 
2025-04-18 20:06:37,444 - ERROR - Error downloading pubmed25n0923.xml.gz: 
2025-04-18 20:06:37,444 - ERROR - Error downloading pubmed25n0924.xml.gz: 
2025-04-18 20:06:37,444 - ERROR - Error downloading pubmed25n0925.xml.gz: 
2025-04-18 20:06:37,444 - ERROR - Error downloading pubmed25n0926.xml.gz: 
2025-04-18 20:06:37,444 - ERROR - Error downloading pubmed25n0929.xml.gz: 
2025-04-18 20:06:37,444 - ERROR - Error downloading pubmed25n0930.xml.gz: 
2025-04-18 20:06:37,444 - ERROR - Error downloading pubmed25n0928.xml.gz: 
2025-04-18 20:06:37,444 - ERROR - Error downloading pubmed25n0931.xml.gz: 
2025-04-18 20:06:37,444 - ERROR - Error downloading pubmed25n0933.xml.gz: 
2025-04-18 20:06:37,444 - ERROR - Error downloading pubmed25n0934.xml.gz: 
2025-04-18 20:06:37,444 - ERROR - Error downloading pubmed25n0932.xml.gz: 
2025-04-18 20:06:37,444 - ERROR - Error downloading pubmed25n0935.xml.gz: 
2025-04-18 20:06:37,444 - ERROR - Error downloading pubmed25n0937.xml.gz: 
2025-04-18 20:06:37,444 - ERROR - Error downloading pubmed25n0938.xml.gz: 
2025-04-18 20:06:37,444 - ERROR - Error downloading pubmed25n0939.xml.gz: 
2025-04-18 20:06:37,444 - ERROR - Error downloading pubmed25n0936.xml.gz: 
2025-04-18 20:06:37,444 - ERROR - Error downloading pubmed25n0940.xml.gz: 
2025-04-18 20:06:37,444 - ERROR - Error downloading pubmed25n0941.xml.gz: 
2025-04-18 20:06:37,444 - ERROR - Error downloading pubmed25n0942.xml.gz: 
2025-04-18 20:06:37,444 - ERROR - Error downloading pubmed25n0943.xml.gz: 
2025-04-18 20:06:37,444 - ERROR - Error downloading pubmed25n0945.xml.gz: 
2025-04-18 20:06:37,444 - ERROR - Error downloading pubmed25n0944.xml.gz: 
2025-04-18 20:06:37,444 - ERROR - Error downloading pubmed25n0946.xml.gz: 
2025-04-18 20:06:37,445 - ERROR - Error downloading pubmed25n0947.xml.gz: 
2025-04-18 20:06:37,445 - ERROR - Error downloading pubmed25n0948.xml.gz: 
2025-04-18 20:06:37,445 - ERROR - Error downloading pubmed25n0949.xml.gz: 
2025-04-18 20:06:37,445 - ERROR - Error downloading pubmed25n0950.xml.gz: 
2025-04-18 20:06:37,445 - ERROR - Error downloading pubmed25n0951.xml.gz: 
2025-04-18 20:06:37,445 - ERROR - Error downloading pubmed25n0952.xml.gz: 
2025-04-18 20:06:37,445 - ERROR - Error downloading pubmed25n0953.xml.gz: 
2025-04-18 20:06:37,445 - ERROR - Error downloading pubmed25n0954.xml.gz: 
2025-04-18 20:06:37,445 - ERROR - Error downloading pubmed25n0955.xml.gz: 
2025-04-18 20:06:37,445 - ERROR - Error downloading pubmed25n0957.xml.gz: 
2025-04-18 20:06:37,445 - ERROR - Error downloading pubmed25n0956.xml.gz: 
2025-04-18 20:06:37,445 - ERROR - Error downloading pubmed25n0958.xml.gz: 
2025-04-18 20:06:37,445 - ERROR - Error downloading pubmed25n0959.xml.gz: 
2025-04-18 20:06:37,445 - ERROR - Error downloading pubmed25n0960.xml.gz: 
2025-04-18 20:06:37,445 - ERROR - Error downloading pubmed25n0961.xml.gz: 
2025-04-18 20:06:37,445 - ERROR - Error downloading pubmed25n0962.xml.gz: 
2025-04-18 20:06:37,445 - ERROR - Error downloading pubmed25n0963.xml.gz: 
2025-04-18 20:06:37,445 - ERROR - Error downloading pubmed25n0964.xml.gz: 
2025-04-18 20:06:37,445 - ERROR - Error downloading pubmed25n0965.xml.gz: 
2025-04-18 20:06:37,445 - ERROR - Error downloading pubmed25n0966.xml.gz: 
2025-04-18 20:06:37,445 - ERROR - Error downloading pubmed25n0968.xml.gz: 
2025-04-18 20:06:37,445 - ERROR - Error downloading pubmed25n0969.xml.gz: 
2025-04-18 20:06:37,445 - ERROR - Error downloading pubmed25n0967.xml.gz: 
2025-04-18 20:06:37,445 - ERROR - Error downloading pubmed25n0970.xml.gz: 
2025-04-18 20:06:37,445 - ERROR - Error downloading pubmed25n0971.xml.gz: 
2025-04-18 20:06:37,445 - ERROR - Error downloading pubmed25n0972.xml.gz: 
2025-04-18 20:06:37,445 - ERROR - Error downloading pubmed25n0973.xml.gz: 
2025-04-18 20:06:37,445 - ERROR - Error downloading pubmed25n0974.xml.gz: 
2025-04-18 20:06:37,445 - ERROR - Error downloading pubmed25n0975.xml.gz: 
2025-04-18 20:06:37,445 - ERROR - Error downloading pubmed25n0976.xml.gz: 
2025-04-18 20:06:37,445 - ERROR - Error downloading pubmed25n0977.xml.gz: 
2025-04-18 20:06:37,445 - ERROR - Error downloading pubmed25n0978.xml.gz: 
2025-04-18 20:06:37,445 - ERROR - Error downloading pubmed25n0979.xml.gz: 
2025-04-18 20:06:37,445 - ERROR - Error downloading pubmed25n0981.xml.gz: 
2025-04-18 20:06:37,445 - ERROR - Error downloading pubmed25n0980.xml.gz: 
2025-04-18 20:06:37,445 - ERROR - Error downloading pubmed25n0982.xml.gz: 
2025-04-18 20:06:37,445 - ERROR - Error downloading pubmed25n0983.xml.gz: 
2025-04-18 20:06:37,446 - ERROR - Error downloading pubmed25n0984.xml.gz: 
2025-04-18 20:06:37,446 - ERROR - Error downloading pubmed25n0986.xml.gz: 
2025-04-18 20:06:37,446 - ERROR - Error downloading pubmed25n0985.xml.gz: 
2025-04-18 20:06:37,446 - ERROR - Error downloading pubmed25n0987.xml.gz: 
2025-04-18 20:06:37,446 - ERROR - Error downloading pubmed25n0988.xml.gz: 
2025-04-18 20:06:37,446 - ERROR - Error downloading pubmed25n0989.xml.gz: 
2025-04-18 20:06:37,446 - ERROR - Error downloading pubmed25n0991.xml.gz: 
2025-04-18 20:06:37,446 - ERROR - Error downloading pubmed25n0990.xml.gz: 
2025-04-18 20:06:37,446 - ERROR - Error downloading pubmed25n0992.xml.gz: 
2025-04-18 20:06:37,446 - ERROR - Error downloading pubmed25n0993.xml.gz: 
2025-04-18 20:06:37,446 - ERROR - Error downloading pubmed25n0995.xml.gz: 
2025-04-18 20:06:37,446 - ERROR - Error downloading pubmed25n0994.xml.gz: 
2025-04-18 20:06:37,446 - ERROR - Error downloading pubmed25n0996.xml.gz: 
2025-04-18 20:06:37,446 - ERROR - Error downloading pubmed25n0997.xml.gz: 
2025-04-18 20:06:37,446 - ERROR - Error downloading pubmed25n0998.xml.gz: 
2025-04-18 20:06:37,446 - ERROR - Error downloading pubmed25n0999.xml.gz: 
2025-04-18 20:06:37,446 - ERROR - Error downloading pubmed25n1000.xml.gz: 
2025-04-18 20:06:37,446 - ERROR - Error downloading pubmed25n1001.xml.gz: 
2025-04-18 20:06:37,446 - ERROR - Error downloading pubmed25n1002.xml.gz: 
2025-04-18 20:06:37,446 - ERROR - Error downloading pubmed25n1003.xml.gz: 
2025-04-18 20:06:37,446 - ERROR - Error downloading pubmed25n1004.xml.gz: 
2025-04-18 20:06:37,446 - ERROR - Error downloading pubmed25n1005.xml.gz: 
2025-04-18 20:06:37,446 - ERROR - Error downloading pubmed25n1006.xml.gz: 
2025-04-18 20:06:37,446 - ERROR - Error downloading pubmed25n1007.xml.gz: 
2025-04-18 20:06:37,446 - ERROR - Error downloading pubmed25n1008.xml.gz: 
2025-04-18 20:06:37,446 - ERROR - Error downloading pubmed25n1009.xml.gz: 
2025-04-18 20:06:37,446 - ERROR - Error downloading pubmed25n1010.xml.gz: 
2025-04-18 20:06:37,446 - ERROR - Error downloading pubmed25n1011.xml.gz: 
2025-04-18 20:06:37,446 - ERROR - Error downloading pubmed25n1012.xml.gz: 
2025-04-18 20:06:37,446 - ERROR - Error downloading pubmed25n1013.xml.gz: 
2025-04-18 20:06:37,446 - ERROR - Error downloading pubmed25n1014.xml.gz: 
2025-04-18 20:06:37,446 - ERROR - Error downloading pubmed25n1016.xml.gz: 
2025-04-18 20:06:37,446 - ERROR - Error downloading pubmed25n1015.xml.gz: 
2025-04-18 20:06:37,446 - ERROR - Error downloading pubmed25n1017.xml.gz: 
2025-04-18 20:06:37,446 - ERROR - Error downloading pubmed25n1019.xml.gz: 
2025-04-18 20:06:37,446 - ERROR - Error downloading pubmed25n1020.xml.gz: 
2025-04-18 20:06:37,447 - ERROR - Error downloading pubmed25n1018.xml.gz: 
2025-04-18 20:06:37,447 - ERROR - Error downloading pubmed25n1021.xml.gz: 
2025-04-18 20:06:37,447 - ERROR - Error downloading pubmed25n1023.xml.gz: 
2025-04-18 20:06:37,447 - ERROR - Error downloading pubmed25n1022.xml.gz: 
2025-04-18 20:06:37,447 - ERROR - Error downloading pubmed25n1024.xml.gz: 
2025-04-18 20:06:37,447 - ERROR - Error downloading pubmed25n1026.xml.gz: 
2025-04-18 20:06:37,447 - ERROR - Error downloading pubmed25n1025.xml.gz: 
2025-04-18 20:06:37,447 - ERROR - Error downloading pubmed25n1027.xml.gz: 
2025-04-18 20:06:37,447 - ERROR - Error downloading pubmed25n1028.xml.gz: 
2025-04-18 20:06:37,447 - ERROR - Error downloading pubmed25n1029.xml.gz: 
2025-04-18 20:06:37,447 - ERROR - Error downloading pubmed25n1030.xml.gz: 
2025-04-18 20:06:37,447 - ERROR - Error downloading pubmed25n1031.xml.gz: 
2025-04-18 20:06:37,447 - ERROR - Error downloading pubmed25n1032.xml.gz: 
2025-04-18 20:06:37,447 - ERROR - Error downloading pubmed25n1033.xml.gz: 
2025-04-18 20:06:37,447 - ERROR - Error downloading pubmed25n1086.xml.gz: 
2025-04-18 20:06:37,447 - ERROR - Error downloading pubmed25n1034.xml.gz: 
2025-04-18 20:06:37,447 - ERROR - Error downloading pubmed25n1035.xml.gz: 
2025-04-18 20:06:37,447 - ERROR - Error downloading pubmed25n1036.xml.gz: 
2025-04-18 20:06:37,447 - ERROR - Error downloading pubmed25n1037.xml.gz: 
2025-04-18 20:06:37,447 - ERROR - Error downloading pubmed25n1038.xml.gz: 
2025-04-18 20:06:37,447 - ERROR - Error downloading pubmed25n1039.xml.gz: 
2025-04-18 20:06:37,447 - ERROR - Error downloading pubmed25n1040.xml.gz: 
2025-04-18 20:06:37,447 - ERROR - Error downloading pubmed25n1041.xml.gz: 
2025-04-18 20:06:37,447 - ERROR - Error downloading pubmed25n1042.xml.gz: 
2025-04-18 20:06:37,447 - ERROR - Error downloading pubmed25n1043.xml.gz: 
2025-04-18 20:06:37,447 - ERROR - Error downloading pubmed25n1044.xml.gz: 
2025-04-18 20:06:37,447 - ERROR - Error downloading pubmed25n1045.xml.gz: 
2025-04-18 20:06:37,447 - ERROR - Error downloading pubmed25n1046.xml.gz: 
2025-04-18 20:06:37,447 - ERROR - Error downloading pubmed25n1047.xml.gz: 
2025-04-18 20:06:37,447 - ERROR - Error downloading pubmed25n1048.xml.gz: 
2025-04-18 20:06:37,447 - ERROR - Error downloading pubmed25n1049.xml.gz: 
2025-04-18 20:06:37,447 - ERROR - Error downloading pubmed25n1050.xml.gz: 
2025-04-18 20:06:37,447 - ERROR - Error downloading pubmed25n1052.xml.gz: 
2025-04-18 20:06:37,447 - ERROR - Error downloading pubmed25n1051.xml.gz: 
2025-04-18 20:06:37,447 - ERROR - Error downloading pubmed25n1053.xml.gz: 
2025-04-18 20:06:37,447 - ERROR - Error downloading pubmed25n1054.xml.gz: 
2025-04-18 20:06:37,447 - ERROR - Error downloading pubmed25n1055.xml.gz: 
2025-04-18 20:06:37,447 - ERROR - Error downloading pubmed25n1056.xml.gz: 
2025-04-18 20:06:37,448 - ERROR - Error downloading pubmed25n1057.xml.gz: 
2025-04-18 20:06:37,448 - ERROR - Error downloading pubmed25n1058.xml.gz: 
2025-04-18 20:06:37,448 - ERROR - Error downloading pubmed25n1059.xml.gz: 
2025-04-18 20:06:37,448 - ERROR - Error downloading pubmed25n1060.xml.gz: 
2025-04-18 20:06:37,448 - ERROR - Error downloading pubmed25n1061.xml.gz: 
2025-04-18 20:06:37,448 - ERROR - Error downloading pubmed25n1062.xml.gz: 
2025-04-18 20:06:37,448 - ERROR - Error downloading pubmed25n1063.xml.gz: 
2025-04-18 20:06:37,448 - ERROR - Error downloading pubmed25n1064.xml.gz: 
2025-04-18 20:06:37,448 - ERROR - Error downloading pubmed25n1065.xml.gz: 
2025-04-18 20:06:37,448 - ERROR - Error downloading pubmed25n1066.xml.gz: 
2025-04-18 20:06:37,448 - ERROR - Error downloading pubmed25n1067.xml.gz: 
2025-04-18 20:06:37,448 - ERROR - Error downloading pubmed25n1068.xml.gz: 
2025-04-18 20:06:37,448 - ERROR - Error downloading pubmed25n1069.xml.gz: 
2025-04-18 20:06:37,448 - ERROR - Error downloading pubmed25n1072.xml.gz: 
2025-04-18 20:06:37,448 - ERROR - Error downloading pubmed25n1070.xml.gz: 
2025-04-18 20:06:37,448 - ERROR - Error downloading pubmed25n1071.xml.gz: 
2025-04-18 20:06:37,448 - ERROR - Error downloading pubmed25n1073.xml.gz: 
2025-04-18 20:06:37,448 - ERROR - Error downloading pubmed25n1075.xml.gz: 
2025-04-18 20:06:37,448 - ERROR - Error downloading pubmed25n1074.xml.gz: 
2025-04-18 20:06:37,448 - ERROR - Error downloading pubmed25n1076.xml.gz: 
2025-04-18 20:06:37,448 - ERROR - Error downloading pubmed25n1077.xml.gz: 
2025-04-18 20:06:37,448 - ERROR - Error downloading pubmed25n1078.xml.gz: 
2025-04-18 20:06:37,448 - ERROR - Error downloading pubmed25n1079.xml.gz: 
2025-04-18 20:06:37,448 - ERROR - Error downloading pubmed25n1080.xml.gz: 
2025-04-18 20:06:37,448 - ERROR - Error downloading pubmed25n1081.xml.gz: 
2025-04-18 20:06:37,448 - ERROR - Error downloading pubmed25n1082.xml.gz: 
2025-04-18 20:06:37,448 - ERROR - Error downloading pubmed25n1084.xml.gz: 
2025-04-18 20:06:37,448 - ERROR - Error downloading pubmed25n1083.xml.gz: 
2025-04-18 20:06:37,448 - ERROR - Error downloading pubmed25n1085.xml.gz: 
2025-04-18 20:06:37,448 - ERROR - Error downloading pubmed25n1139.xml.gz: 
2025-04-18 20:06:37,448 - ERROR - Error downloading pubmed25n1087.xml.gz: 
2025-04-18 20:06:37,448 - ERROR - Error downloading pubmed25n1088.xml.gz: 
2025-04-18 20:06:37,448 - ERROR - Error downloading pubmed25n1089.xml.gz: 
2025-04-18 20:06:37,448 - ERROR - Error downloading pubmed25n1090.xml.gz: 
2025-04-18 20:06:37,448 - ERROR - Error downloading pubmed25n1092.xml.gz: 
2025-04-18 20:06:37,448 - ERROR - Error downloading pubmed25n1091.xml.gz: 
2025-04-18 20:06:37,448 - ERROR - Error downloading pubmed25n1093.xml.gz: 
2025-04-18 20:06:37,448 - ERROR - Error downloading pubmed25n1094.xml.gz: 
2025-04-18 20:06:37,448 - ERROR - Error downloading pubmed25n1095.xml.gz: 
2025-04-18 20:06:37,449 - ERROR - Error downloading pubmed25n1097.xml.gz: 
2025-04-18 20:06:37,449 - ERROR - Error downloading pubmed25n1096.xml.gz: 
2025-04-18 20:06:37,449 - ERROR - Error downloading pubmed25n1098.xml.gz: 
2025-04-18 20:06:37,449 - ERROR - Error downloading pubmed25n1099.xml.gz: 
2025-04-18 20:06:37,449 - ERROR - Error downloading pubmed25n1100.xml.gz: 
2025-04-18 20:06:37,449 - ERROR - Error downloading pubmed25n1101.xml.gz: 
2025-04-18 20:06:37,449 - ERROR - Error downloading pubmed25n1102.xml.gz: 
2025-04-18 20:06:37,449 - ERROR - Error downloading pubmed25n1103.xml.gz: 
2025-04-18 20:06:37,449 - ERROR - Error downloading pubmed25n1105.xml.gz: 
2025-04-18 20:06:37,449 - ERROR - Error downloading pubmed25n1104.xml.gz: 
2025-04-18 20:06:37,449 - ERROR - Error downloading pubmed25n1106.xml.gz: 
2025-04-18 20:06:37,449 - ERROR - Error downloading pubmed25n1107.xml.gz: 
2025-04-18 20:06:37,449 - ERROR - Error downloading pubmed25n1108.xml.gz: 
2025-04-18 20:06:37,449 - ERROR - Error downloading pubmed25n1109.xml.gz: 
2025-04-18 20:06:37,449 - ERROR - Error downloading pubmed25n1110.xml.gz: 
2025-04-18 20:06:37,449 - ERROR - Error downloading pubmed25n1111.xml.gz: 
2025-04-18 20:06:37,449 - ERROR - Error downloading pubmed25n1113.xml.gz: 
2025-04-18 20:06:37,450 - ERROR - Error downloading pubmed25n1112.xml.gz: 
2025-04-18 20:06:37,450 - ERROR - Error downloading pubmed25n1114.xml.gz: 
2025-04-18 20:06:37,450 - ERROR - Error downloading pubmed25n1115.xml.gz: 
2025-04-18 20:06:37,450 - ERROR - Error downloading pubmed25n1116.xml.gz: 
2025-04-18 20:06:37,450 - ERROR - Error downloading pubmed25n1117.xml.gz: 
2025-04-18 20:06:37,450 - ERROR - Error downloading pubmed25n1118.xml.gz: 
2025-04-18 20:06:37,450 - ERROR - Error downloading pubmed25n1119.xml.gz: 
2025-04-18 20:06:37,450 - ERROR - Error downloading pubmed25n1120.xml.gz: 
2025-04-18 20:06:37,450 - ERROR - Error downloading pubmed25n1121.xml.gz: 
2025-04-18 20:06:37,450 - ERROR - Error downloading pubmed25n1122.xml.gz: 
2025-04-18 20:06:37,450 - ERROR - Error downloading pubmed25n1123.xml.gz: 
2025-04-18 20:06:37,450 - ERROR - Error downloading pubmed25n1124.xml.gz: 
2025-04-18 20:06:37,450 - ERROR - Error downloading pubmed25n1125.xml.gz: 
2025-04-18 20:06:37,450 - ERROR - Error downloading pubmed25n1126.xml.gz: 
2025-04-18 20:06:37,450 - ERROR - Error downloading pubmed25n1127.xml.gz: 
2025-04-18 20:06:37,450 - ERROR - Error downloading pubmed25n1128.xml.gz: 
2025-04-18 20:06:37,450 - ERROR - Error downloading pubmed25n1129.xml.gz: 
2025-04-18 20:06:37,450 - ERROR - Error downloading pubmed25n1130.xml.gz: 
2025-04-18 20:06:37,450 - ERROR - Error downloading pubmed25n1131.xml.gz: 
2025-04-18 20:06:37,450 - ERROR - Error downloading pubmed25n1132.xml.gz: 
2025-04-18 20:06:37,450 - ERROR - Error downloading pubmed25n1133.xml.gz: 
2025-04-18 20:06:37,450 - ERROR - Error downloading pubmed25n1134.xml.gz: 
2025-04-18 20:06:37,450 - ERROR - Error downloading pubmed25n1135.xml.gz: 
2025-04-18 20:06:37,450 - ERROR - Error downloading pubmed25n1136.xml.gz: 
2025-04-18 20:06:37,450 - ERROR - Error downloading pubmed25n1137.xml.gz: 
2025-04-18 20:06:37,450 - ERROR - Error downloading pubmed25n1138.xml.gz: 
2025-04-18 20:06:37,450 - ERROR - Error downloading pubmed25n1192.xml.gz: 
2025-04-18 20:06:37,450 - ERROR - Error downloading pubmed25n1140.xml.gz: 
2025-04-18 20:06:37,450 - ERROR - Error downloading pubmed25n1141.xml.gz: 
2025-04-18 20:06:37,450 - ERROR - Error downloading pubmed25n1142.xml.gz: 
2025-04-18 20:06:37,450 - ERROR - Error downloading pubmed25n1143.xml.gz: 
2025-04-18 20:06:37,450 - ERROR - Error downloading pubmed25n1144.xml.gz: 
2025-04-18 20:06:37,450 - ERROR - Error downloading pubmed25n1146.xml.gz: 
2025-04-18 20:06:37,450 - ERROR - Error downloading pubmed25n1148.xml.gz: 
2025-04-18 20:06:37,450 - ERROR - Error downloading pubmed25n1145.xml.gz: 
2025-04-18 20:06:37,450 - ERROR - Error downloading pubmed25n1147.xml.gz: 
2025-04-18 20:06:37,450 - ERROR - Error downloading pubmed25n1149.xml.gz: 
2025-04-18 20:06:37,450 - ERROR - Error downloading pubmed25n1151.xml.gz: 
2025-04-18 20:06:37,450 - ERROR - Error downloading pubmed25n1150.xml.gz: 
2025-04-18 20:06:37,451 - ERROR - Error downloading pubmed25n1152.xml.gz: 
2025-04-18 20:06:37,451 - ERROR - Error downloading pubmed25n1153.xml.gz: 
2025-04-18 20:06:37,451 - ERROR - Error downloading pubmed25n1154.xml.gz: 
2025-04-18 20:06:37,451 - ERROR - Error downloading pubmed25n1155.xml.gz: 
2025-04-18 20:06:37,451 - ERROR - Error downloading pubmed25n1156.xml.gz: 
2025-04-18 20:06:37,451 - ERROR - Error downloading pubmed25n1158.xml.gz: 
2025-04-18 20:06:37,451 - ERROR - Error downloading pubmed25n1157.xml.gz: 
2025-04-18 20:06:37,451 - ERROR - Error downloading pubmed25n1159.xml.gz: 
2025-04-18 20:06:37,451 - ERROR - Error downloading pubmed25n1160.xml.gz: 
2025-04-18 20:06:37,451 - ERROR - Error downloading pubmed25n1162.xml.gz: 
2025-04-18 20:06:37,451 - ERROR - Error downloading pubmed25n1161.xml.gz: 
2025-04-18 20:06:37,451 - ERROR - Error downloading pubmed25n1163.xml.gz: 
2025-04-18 20:06:37,451 - ERROR - Error downloading pubmed25n1164.xml.gz: 
2025-04-18 20:06:37,451 - ERROR - Error downloading pubmed25n1166.xml.gz: 
2025-04-18 20:06:37,451 - ERROR - Error downloading pubmed25n1165.xml.gz: 
2025-04-18 20:06:37,451 - ERROR - Error downloading pubmed25n1168.xml.gz: 
2025-04-18 20:06:37,451 - ERROR - Error downloading pubmed25n1167.xml.gz: 
2025-04-18 20:06:37,451 - ERROR - Error downloading pubmed25n1169.xml.gz: 
2025-04-18 20:06:37,451 - ERROR - Error downloading pubmed25n1170.xml.gz: 
2025-04-18 20:06:37,451 - ERROR - Error downloading pubmed25n1172.xml.gz: 
2025-04-18 20:06:37,451 - ERROR - Error downloading pubmed25n1171.xml.gz: 
2025-04-18 20:06:37,451 - ERROR - Error downloading pubmed25n1173.xml.gz: 
2025-04-18 20:06:37,451 - ERROR - Error downloading pubmed25n1174.xml.gz: 
2025-04-18 20:06:37,451 - ERROR - Error downloading pubmed25n1175.xml.gz: 
2025-04-18 20:06:37,451 - ERROR - Error downloading pubmed25n1176.xml.gz: 
2025-04-18 20:06:37,451 - ERROR - Error downloading pubmed25n1177.xml.gz: 
2025-04-18 20:06:37,451 - ERROR - Error downloading pubmed25n1178.xml.gz: 
2025-04-18 20:06:37,451 - ERROR - Error downloading pubmed25n1179.xml.gz: 
2025-04-18 20:06:37,451 - ERROR - Error downloading pubmed25n1180.xml.gz: 
2025-04-18 20:06:37,451 - ERROR - Error downloading pubmed25n1181.xml.gz: 
2025-04-18 20:06:37,451 - ERROR - Error downloading pubmed25n1182.xml.gz: 
2025-04-18 20:06:37,451 - ERROR - Error downloading pubmed25n1183.xml.gz: 
2025-04-18 20:06:37,451 - ERROR - Error downloading pubmed25n1184.xml.gz: 
2025-04-18 20:06:37,451 - ERROR - Error downloading pubmed25n1185.xml.gz: 
2025-04-18 20:06:37,451 - ERROR - Error downloading pubmed25n1186.xml.gz: 
2025-04-18 20:06:37,451 - ERROR - Error downloading pubmed25n1187.xml.gz: 
2025-04-18 20:06:37,451 - ERROR - Error downloading pubmed25n1188.xml.gz: 
2025-04-18 20:06:37,451 - ERROR - Error downloading pubmed25n1189.xml.gz: 
2025-04-18 20:06:37,451 - ERROR - Error downloading pubmed25n1190.xml.gz: 
2025-04-18 20:06:37,451 - ERROR - Error downloading pubmed25n1191.xml.gz: 
2025-04-18 20:06:37,452 - ERROR - Error downloading pubmed25n1244.xml.gz: 
2025-04-18 20:06:37,452 - ERROR - Error downloading pubmed25n1193.xml.gz: 
2025-04-18 20:06:37,452 - ERROR - Error downloading pubmed25n1194.xml.gz: 
2025-04-18 20:06:37,452 - ERROR - Error downloading pubmed25n1195.xml.gz: 
2025-04-18 20:06:37,452 - ERROR - Error downloading pubmed25n1196.xml.gz: 
2025-04-18 20:06:37,452 - ERROR - Error downloading pubmed25n1197.xml.gz: 
2025-04-18 20:06:37,452 - ERROR - Error downloading pubmed25n1198.xml.gz: 
2025-04-18 20:06:37,452 - ERROR - Error downloading pubmed25n1200.xml.gz: 
2025-04-18 20:06:37,452 - ERROR - Error downloading pubmed25n1199.xml.gz: 
2025-04-18 20:06:37,452 - ERROR - Error downloading pubmed25n1201.xml.gz: 
2025-04-18 20:06:37,452 - ERROR - Error downloading pubmed25n1202.xml.gz: 
2025-04-18 20:06:37,452 - ERROR - Error downloading pubmed25n1203.xml.gz: 
2025-04-18 20:06:37,452 - ERROR - Error downloading pubmed25n1204.xml.gz: 
2025-04-18 20:06:37,452 - ERROR - Error downloading pubmed25n1205.xml.gz: 
2025-04-18 20:06:37,452 - ERROR - Error downloading pubmed25n1206.xml.gz: 
2025-04-18 20:06:37,452 - ERROR - Error downloading pubmed25n1207.xml.gz: 
2025-04-18 20:06:37,452 - ERROR - Error downloading pubmed25n1208.xml.gz: 
2025-04-18 20:06:37,452 - ERROR - Error downloading pubmed25n1209.xml.gz: 
2025-04-18 20:06:37,452 - ERROR - Error downloading pubmed25n1210.xml.gz: 
2025-04-18 20:06:37,452 - ERROR - Error downloading pubmed25n1211.xml.gz: 
2025-04-18 20:06:37,452 - ERROR - Error downloading pubmed25n1212.xml.gz: 
2025-04-18 20:06:37,452 - ERROR - Error downloading pubmed25n1213.xml.gz: 
2025-04-18 20:06:37,452 - ERROR - Error downloading pubmed25n1214.xml.gz: 
2025-04-18 20:06:37,452 - ERROR - Error downloading pubmed25n1215.xml.gz: 
2025-04-18 20:06:37,452 - ERROR - Error downloading pubmed25n1216.xml.gz: 
2025-04-18 20:06:37,452 - ERROR - Error downloading pubmed25n1217.xml.gz: 
2025-04-18 20:06:37,452 - ERROR - Error downloading pubmed25n1218.xml.gz: 
2025-04-18 20:06:37,452 - ERROR - Error downloading pubmed25n1219.xml.gz: 
2025-04-18 20:06:37,452 - ERROR - Error downloading pubmed25n1220.xml.gz: 
2025-04-18 20:06:37,452 - ERROR - Error downloading pubmed25n1221.xml.gz: 
2025-04-18 20:06:37,452 - ERROR - Error downloading pubmed25n1222.xml.gz: 
2025-04-18 20:06:37,452 - ERROR - Error downloading pubmed25n1223.xml.gz: 
2025-04-18 20:06:37,452 - ERROR - Error downloading pubmed25n1224.xml.gz: 
2025-04-18 20:06:37,452 - ERROR - Error downloading pubmed25n1225.xml.gz: 
2025-04-18 20:06:37,452 - ERROR - Error downloading pubmed25n1226.xml.gz: 
2025-04-18 20:06:37,452 - ERROR - Error downloading pubmed25n1227.xml.gz: 
2025-04-18 20:06:37,452 - ERROR - Error downloading pubmed25n1228.xml.gz: 
2025-04-18 20:06:37,452 - ERROR - Error downloading pubmed25n1230.xml.gz: 
2025-04-18 20:06:37,452 - ERROR - Error downloading pubmed25n1229.xml.gz: 
2025-04-18 20:06:37,453 - ERROR - Error downloading pubmed25n1231.xml.gz: 
2025-04-18 20:06:37,453 - ERROR - Error downloading pubmed25n1232.xml.gz: 
2025-04-18 20:06:37,453 - ERROR - Error downloading pubmed25n1234.xml.gz: 
2025-04-18 20:06:37,453 - ERROR - Error downloading pubmed25n1233.xml.gz: 
2025-04-18 20:06:37,453 - ERROR - Error downloading pubmed25n1235.xml.gz: 
2025-04-18 20:06:37,453 - ERROR - Error downloading pubmed25n1236.xml.gz: 
2025-04-18 20:06:37,453 - ERROR - Error downloading pubmed25n1237.xml.gz: 
2025-04-18 20:06:37,453 - ERROR - Error downloading pubmed25n1238.xml.gz: 
2025-04-18 20:06:37,453 - ERROR - Error downloading pubmed25n1239.xml.gz: 
2025-04-18 20:06:37,453 - ERROR - Error downloading pubmed25n1240.xml.gz: 
2025-04-18 20:06:37,453 - ERROR - Error downloading pubmed25n1242.xml.gz: 
2025-04-18 20:06:37,453 - ERROR - Error downloading pubmed25n1241.xml.gz: 
2025-04-18 20:06:37,453 - ERROR - Error downloading pubmed25n1243.xml.gz: 
2025-04-18 20:06:37,453 - ERROR - Error downloading pubmed25n1245.xml.gz: 
2025-04-18 20:06:37,453 - ERROR - Error downloading pubmed25n1246.xml.gz: 
2025-04-18 20:06:37,453 - ERROR - Error downloading pubmed25n1247.xml.gz: 
2025-04-18 20:06:37,453 - ERROR - Error downloading pubmed25n1248.xml.gz: 
2025-04-18 20:06:37,453 - ERROR - Error downloading pubmed25n1249.xml.gz: 
2025-04-18 20:06:37,453 - ERROR - Error downloading pubmed25n1250.xml.gz: 
2025-04-18 20:06:37,453 - ERROR - Error downloading pubmed25n1251.xml.gz: 
2025-04-18 20:06:37,453 - ERROR - Error downloading pubmed25n1252.xml.gz: 
2025-04-18 20:06:37,453 - ERROR - Error downloading pubmed25n1253.xml.gz: 
2025-04-18 20:06:37,453 - ERROR - Error downloading pubmed25n1254.xml.gz: 
2025-04-18 20:06:37,453 - ERROR - Error downloading pubmed25n1255.xml.gz: 
2025-04-18 20:06:37,453 - ERROR - Error downloading pubmed25n1256.xml.gz: 
2025-04-18 20:06:37,453 - ERROR - Error downloading pubmed25n1257.xml.gz: 
2025-04-18 20:06:37,453 - ERROR - Error downloading pubmed25n1258.xml.gz: 
2025-04-18 20:06:37,453 - ERROR - Error downloading pubmed25n1259.xml.gz: 
2025-04-18 20:06:37,453 - ERROR - Error downloading pubmed25n1260.xml.gz: 
2025-04-18 20:06:37,453 - ERROR - Error downloading pubmed25n1261.xml.gz: 
2025-04-18 20:06:37,453 - ERROR - Error downloading pubmed25n1262.xml.gz: 
2025-04-18 20:06:37,453 - ERROR - Error downloading pubmed25n1263.xml.gz: 
2025-04-18 20:06:37,453 - ERROR - Error downloading pubmed25n1265.xml.gz: 
2025-04-18 20:06:37,453 - ERROR - Error downloading pubmed25n1264.xml.gz: 
2025-04-18 20:06:37,453 - ERROR - Error downloading pubmed25n1266.xml.gz: 
2025-04-18 20:06:37,453 - ERROR - Error downloading pubmed25n1267.xml.gz: 
2025-04-18 20:06:37,453 - ERROR - Error downloading pubmed25n1268.xml.gz: 
2025-04-18 20:06:37,453 - ERROR - Error downloading pubmed25n1269.xml.gz: 
2025-04-18 20:06:37,453 - ERROR - Error downloading pubmed25n1270.xml.gz: 
2025-04-18 20:06:37,453 - ERROR - Error downloading pubmed25n1274.xml.gz: 
2025-04-18 20:06:37,454 - ERROR - Error downloading pubmed25n1271.xml.gz: 
2025-04-18 20:06:37,454 - ERROR - Error downloading pubmed25n1272.xml.gz: 
2025-04-18 20:06:37,454 - ERROR - Error downloading pubmed25n1273.xml.gz: 
2025-04-18 20:06:37,454 - ERROR - Error downloading PubMed baseline: 
2025-04-18 20:51:15,873 - INFO - Using directory: /Users/hherb/knowledgebase/pubmed_data
2025-04-18 20:51:15,873 - INFO - Directory already exists: /Users/hherb/knowledgebase/pubmed_data
2025-04-18 20:51:15,873 - INFO - Baseline directory already exists: /Users/hherb/knowledgebase/pubmed_data/baseline
2025-04-18 20:51:15,873 - INFO - Starting PubMed baseline download to /Users/hherb/knowledgebase/pubmed_data/baseline
2025-04-18 20:51:21,123 - INFO - Found 1274 PubMed baseline files to download
2025-04-18 20:51:21,691 - INFO - Skipped existing complete file pubmed25n0002.xml.gz (1/1274)
2025-04-18 20:51:22,260 - INFO - Skipped existing complete file pubmed25n0003.xml.gz (2/1274)
2025-04-18 20:51:22,828 - INFO - Skipped existing complete file pubmed25n0004.xml.gz (3/1274)
2025-04-18 20:51:23,399 - INFO - Skipped existing complete file pubmed25n0001.xml.gz (4/1274)
2025-04-18 20:51:23,968 - INFO - Skipped existing complete file pubmed25n0005.xml.gz (5/1274)
2025-04-18 20:51:24,538 - INFO - Skipped existing complete file pubmed25n0006.xml.gz (6/1274)
2025-04-18 20:51:25,109 - INFO - Skipped existing complete file pubmed25n0007.xml.gz (7/1274)
2025-04-18 20:51:25,683 - INFO - Skipped existing complete file pubmed25n0008.xml.gz (8/1274)
2025-04-18 20:51:26,252 - INFO - Skipped existing complete file pubmed25n0009.xml.gz (9/1274)
2025-04-18 20:51:26,830 - INFO - Skipped existing complete file pubmed25n0011.xml.gz (10/1274)
2025-04-18 20:51:27,402 - INFO - Skipped existing complete file pubmed25n0010.xml.gz (11/1274)
2025-04-18 20:51:27,974 - INFO - Skipped existing complete file pubmed25n0012.xml.gz (12/1274)
2025-04-18 20:51:28,542 - INFO - Skipped existing complete file pubmed25n0013.xml.gz (13/1274)
2025-04-18 20:51:29,111 - INFO - Skipped existing complete file pubmed25n0015.xml.gz (14/1274)
2025-04-18 20:51:29,682 - INFO - Skipped existing complete file pubmed25n0014.xml.gz (15/1274)
2025-04-18 20:51:30,253 - INFO - Skipped existing complete file pubmed25n0016.xml.gz (16/1274)
2025-04-18 20:51:30,821 - INFO - Skipped existing complete file pubmed25n0017.xml.gz (17/1274)
2025-04-18 20:51:31,435 - INFO - Skipped existing complete file pubmed25n0018.xml.gz (18/1274)
2025-04-18 20:51:32,004 - INFO - Skipped existing complete file pubmed25n0020.xml.gz (19/1274)
2025-04-18 20:51:32,572 - INFO - Skipped existing complete file pubmed25n0019.xml.gz (20/1274)
2025-04-18 20:51:33,141 - INFO - Skipped existing complete file pubmed25n0021.xml.gz (21/1274)
2025-04-18 20:51:33,708 - INFO - Skipped existing complete file pubmed25n0022.xml.gz (22/1274)
2025-04-18 20:51:34,276 - INFO - Skipped existing complete file pubmed25n0023.xml.gz (23/1274)
2025-04-18 20:51:34,857 - INFO - Skipped existing complete file pubmed25n0024.xml.gz (24/1274)
2025-04-18 20:51:35,426 - INFO - Skipped existing complete file pubmed25n0025.xml.gz (25/1274)
2025-04-18 20:51:35,995 - INFO - Skipped existing complete file pubmed25n0028.xml.gz (26/1274)
2025-04-18 20:51:36,563 - INFO - Skipped existing complete file pubmed25n0291.xml.gz (27/1274)
2025-04-18 20:51:37,150 - INFO - Skipped existing complete file pubmed25n0026.xml.gz (28/1274)
2025-04-18 20:51:37,719 - INFO - Skipped existing complete file pubmed25n0027.xml.gz (29/1274)
2025-04-18 20:51:38,288 - INFO - Skipped existing complete file pubmed25n0029.xml.gz (30/1274)
2025-04-18 20:51:38,858 - INFO - Skipped existing complete file pubmed25n0030.xml.gz (31/1274)
2025-04-18 20:51:39,426 - INFO - Skipped existing complete file pubmed25n0032.xml.gz (32/1274)
2025-04-18 20:51:40,087 - INFO - Skipped existing complete file pubmed25n0031.xml.gz (33/1274)
2025-04-18 20:51:40,658 - INFO - Skipped existing complete file pubmed25n0033.xml.gz (34/1274)
2025-04-18 20:51:41,235 - INFO - Skipped existing complete file pubmed25n0035.xml.gz (35/1274)
2025-04-18 20:51:41,803 - INFO - Skipped existing complete file pubmed25n0034.xml.gz (36/1274)
2025-04-18 20:51:42,464 - INFO - Skipped existing complete file pubmed25n0036.xml.gz (37/1274)
2025-04-18 20:51:43,032 - INFO - Skipped existing complete file pubmed25n0037.xml.gz (38/1274)
2025-04-18 20:51:43,601 - INFO - Skipped existing complete file pubmed25n0038.xml.gz (39/1274)
2025-04-18 20:51:44,183 - INFO - Skipped existing complete file pubmed25n0039.xml.gz (40/1274)
2025-04-18 20:51:44,753 - INFO - Skipped existing complete file pubmed25n0040.xml.gz (41/1274)
2025-04-18 20:51:45,322 - INFO - Skipped existing complete file pubmed25n0041.xml.gz (42/1274)
2025-04-18 20:51:45,900 - INFO - Skipped existing complete file pubmed25n0042.xml.gz (43/1274)
2025-04-18 20:51:46,469 - INFO - Skipped existing complete file pubmed25n0043.xml.gz (44/1274)
2025-04-18 20:51:47,073 - INFO - Skipped existing complete file pubmed25n0045.xml.gz (45/1274)
2025-04-18 20:51:47,641 - INFO - Skipped existing complete file pubmed25n0044.xml.gz (46/1274)
2025-04-18 20:51:48,209 - INFO - Skipped existing complete file pubmed25n0046.xml.gz (47/1274)
2025-04-18 20:51:48,812 - INFO - Skipped existing complete file pubmed25n0047.xml.gz (48/1274)
2025-04-18 20:51:49,383 - INFO - Skipped existing complete file pubmed25n0049.xml.gz (49/1274)
2025-04-18 20:51:49,953 - INFO - Skipped existing complete file pubmed25n0048.xml.gz (50/1274)
2025-04-18 20:51:50,534 - INFO - Skipped existing complete file pubmed25n0050.xml.gz (51/1274)
2025-04-18 20:51:51,102 - INFO - Skipped existing complete file pubmed25n0051.xml.gz (52/1274)
2025-04-18 20:51:51,674 - INFO - Skipped existing complete file pubmed25n0052.xml.gz (53/1274)
2025-04-18 20:51:52,242 - INFO - Skipped existing complete file pubmed25n0183.xml.gz (54/1274)
2025-04-18 20:51:52,811 - INFO - Skipped existing complete file pubmed25n0053.xml.gz (55/1274)
2025-04-18 20:51:53,398 - INFO - Skipped existing complete file pubmed25n0054.xml.gz (56/1274)
2025-04-18 20:51:54,036 - INFO - Skipped existing complete file pubmed25n0055.xml.gz (57/1274)
2025-04-18 20:51:54,607 - INFO - Skipped existing complete file pubmed25n0057.xml.gz (58/1274)
2025-04-18 20:51:55,176 - INFO - Skipped existing complete file pubmed25n0056.xml.gz (59/1274)
2025-04-18 20:51:55,745 - INFO - Skipped existing complete file pubmed25n0058.xml.gz (60/1274)
2025-04-18 20:51:56,313 - INFO - Skipped existing complete file pubmed25n0059.xml.gz (61/1274)
2025-04-18 20:51:56,981 - INFO - Skipped existing complete file pubmed25n0060.xml.gz (62/1274)
2025-04-18 20:51:57,550 - INFO - Skipped existing complete file pubmed25n0061.xml.gz (63/1274)
2025-04-18 20:51:58,122 - INFO - Skipped existing complete file pubmed25n0062.xml.gz (64/1274)
2025-04-18 20:51:58,690 - INFO - Skipped existing complete file pubmed25n0063.xml.gz (65/1274)
2025-04-18 20:51:59,259 - INFO - Skipped existing complete file pubmed25n0064.xml.gz (66/1274)
2025-04-18 20:51:59,830 - INFO - Skipped existing complete file pubmed25n0065.xml.gz (67/1274)
2025-04-18 20:52:00,400 - INFO - Skipped existing complete file pubmed25n0066.xml.gz (68/1274)
2025-04-18 20:52:00,968 - INFO - Skipped existing complete file pubmed25n0067.xml.gz (69/1274)
2025-04-18 20:52:01,538 - INFO - Skipped existing complete file pubmed25n0068.xml.gz (70/1274)
2025-04-18 20:52:02,107 - INFO - Skipped existing complete file pubmed25n0069.xml.gz (71/1274)
2025-04-18 20:52:02,677 - INFO - Skipped existing complete file pubmed25n0070.xml.gz (72/1274)
2025-04-18 20:52:03,247 - INFO - Skipped existing complete file pubmed25n0071.xml.gz (73/1274)
2025-04-18 20:52:03,816 - INFO - Skipped existing complete file pubmed25n0072.xml.gz (74/1274)
2025-04-18 20:52:04,390 - INFO - Skipped existing complete file pubmed25n0073.xml.gz (75/1274)
2025-04-18 20:52:04,961 - INFO - Skipped existing complete file pubmed25n0074.xml.gz (76/1274)
2025-04-18 20:52:05,532 - INFO - Skipped existing complete file pubmed25n0075.xml.gz (77/1274)
2025-04-18 20:52:06,120 - INFO - Skipped existing complete file pubmed25n0076.xml.gz (78/1274)
2025-04-18 20:52:06,688 - INFO - Skipped existing complete file pubmed25n0077.xml.gz (79/1274)
2025-04-18 20:52:07,258 - INFO - Skipped existing complete file pubmed25n0078.xml.gz (80/1274)
2025-04-18 20:52:07,826 - INFO - Skipped existing complete file pubmed25n0079.xml.gz (81/1274)
2025-04-18 20:52:08,395 - INFO - Skipped existing complete file pubmed25n0081.xml.gz (82/1274)
2025-04-18 20:52:08,964 - INFO - Skipped existing complete file pubmed25n0080.xml.gz (83/1274)
2025-04-18 20:52:09,534 - INFO - Skipped existing complete file pubmed25n0082.xml.gz (84/1274)
2025-04-18 20:52:10,103 - INFO - Skipped existing complete file pubmed25n0083.xml.gz (85/1274)
2025-04-18 20:52:10,671 - INFO - Skipped existing complete file pubmed25n0084.xml.gz (86/1274)
2025-04-18 20:52:11,239 - INFO - Skipped existing complete file pubmed25n0085.xml.gz (87/1274)
2025-04-18 20:52:11,808 - INFO - Skipped existing complete file pubmed25n0087.xml.gz (88/1274)
2025-04-18 20:52:12,376 - INFO - Skipped existing complete file pubmed25n0086.xml.gz (89/1274)
2025-04-18 20:52:12,945 - INFO - Skipped existing complete file pubmed25n0088.xml.gz (90/1274)
2025-04-18 20:52:13,517 - INFO - Skipped existing complete file pubmed25n0089.xml.gz (91/1274)
2025-04-18 20:52:14,085 - INFO - Skipped existing complete file pubmed25n0091.xml.gz (92/1274)
2025-04-18 20:52:14,654 - INFO - Skipped existing complete file pubmed25n0090.xml.gz (93/1274)
2025-04-18 20:52:15,318 - INFO - Skipped existing complete file pubmed25n0092.xml.gz (94/1274)
2025-04-18 20:52:15,951 - INFO - Skipped existing complete file pubmed25n0093.xml.gz (95/1274)
2025-04-18 20:52:16,520 - INFO - Skipped existing complete file pubmed25n0094.xml.gz (96/1274)
2025-04-18 20:52:17,160 - INFO - Skipped existing complete file pubmed25n0095.xml.gz (97/1274)
2025-04-18 20:52:17,730 - INFO - Skipped existing complete file pubmed25n0096.xml.gz (98/1274)
2025-04-18 20:52:18,302 - INFO - Skipped existing complete file pubmed25n0097.xml.gz (99/1274)
2025-04-18 20:52:18,871 - INFO - Skipped existing complete file pubmed25n0098.xml.gz (100/1274)
2025-04-18 20:52:19,441 - INFO - Skipped existing complete file pubmed25n0099.xml.gz (101/1274)
2025-04-18 20:52:20,024 - INFO - Skipped existing complete file pubmed25n0100.xml.gz (102/1274)
2025-04-18 20:52:20,661 - INFO - Skipped existing complete file pubmed25n0101.xml.gz (103/1274)
2025-04-18 20:52:21,229 - WARNING - Error checking file size for pubmed25n0102.xml.gz: 421 No transfer timeout (60 seconds): closing control connection
2025-04-18 20:52:21,230 - ERROR - Error downloading pubmed25n0102.xml.gz: 
2025-04-18 20:52:21,230 - WARNING - Error checking file size for pubmed25n0103.xml.gz: 
2025-04-18 20:52:21,230 - ERROR - Error downloading pubmed25n0103.xml.gz: 
2025-04-18 20:52:21,231 - WARNING - Error checking file size for pubmed25n0104.xml.gz: 
2025-04-18 20:52:21,231 - ERROR - Error downloading pubmed25n0104.xml.gz: 
2025-04-18 20:52:21,231 - WARNING - Error checking file size for pubmed25n0194.xml.gz: 
2025-04-18 20:52:21,231 - ERROR - Error downloading pubmed25n0194.xml.gz: 
2025-04-18 20:52:21,231 - WARNING - Error checking file size for pubmed25n0105.xml.gz: 
2025-04-18 20:52:21,231 - ERROR - Error downloading pubmed25n0105.xml.gz: 
2025-04-18 20:52:21,231 - WARNING - Error checking file size for pubmed25n0106.xml.gz: 
2025-04-18 20:52:21,231 - ERROR - Error downloading pubmed25n0106.xml.gz: 
2025-04-18 20:52:21,232 - WARNING - Error checking file size for pubmed25n0107.xml.gz: 
2025-04-18 20:52:21,232 - ERROR - Error downloading pubmed25n0107.xml.gz: 
2025-04-18 20:52:21,232 - WARNING - Error checking file size for pubmed25n0108.xml.gz: 
2025-04-18 20:52:21,232 - ERROR - Error downloading pubmed25n0108.xml.gz: 
2025-04-18 20:52:21,232 - WARNING - Error checking file size for pubmed25n0109.xml.gz: 
2025-04-18 20:52:21,232 - ERROR - Error downloading pubmed25n0109.xml.gz: 
2025-04-18 20:52:21,232 - WARNING - Error checking file size for pubmed25n0110.xml.gz: 
2025-04-18 20:52:21,232 - ERROR - Error downloading pubmed25n0110.xml.gz: 
2025-04-18 20:52:21,233 - WARNING - Error checking file size for pubmed25n0111.xml.gz: 
2025-04-18 20:52:21,233 - ERROR - Error downloading pubmed25n0111.xml.gz: 
2025-04-18 20:52:21,233 - WARNING - Error checking file size for pubmed25n0112.xml.gz: 
2025-04-18 20:52:21,233 - ERROR - Error downloading pubmed25n0112.xml.gz: 
2025-04-18 20:52:21,233 - WARNING - Error checking file size for pubmed25n0114.xml.gz: 
2025-04-18 20:52:21,233 - ERROR - Error downloading pubmed25n0114.xml.gz: 
2025-04-18 20:52:21,233 - WARNING - Error checking file size for pubmed25n0113.xml.gz: 
2025-04-18 20:52:21,233 - ERROR - Error downloading pubmed25n0113.xml.gz: 
2025-04-18 20:52:21,233 - WARNING - Error checking file size for pubmed25n0115.xml.gz: 
2025-04-18 20:52:21,233 - ERROR - Error downloading pubmed25n0115.xml.gz: 
2025-04-18 20:52:21,234 - WARNING - Error checking file size for pubmed25n0116.xml.gz: 
2025-04-18 20:52:21,234 - ERROR - Error downloading pubmed25n0116.xml.gz: 
2025-04-18 20:52:21,234 - WARNING - Error checking file size for pubmed25n0117.xml.gz: 
2025-04-18 20:52:21,234 - ERROR - Error downloading pubmed25n0117.xml.gz: 
2025-04-18 20:52:21,234 - WARNING - Error checking file size for pubmed25n0118.xml.gz: 
2025-04-18 20:52:21,234 - ERROR - Error downloading pubmed25n0118.xml.gz: 
2025-04-18 20:52:21,234 - WARNING - Error checking file size for pubmed25n0119.xml.gz: 
2025-04-18 20:52:21,234 - ERROR - Error downloading pubmed25n0119.xml.gz: 
2025-04-18 20:52:21,234 - WARNING - Error checking file size for pubmed25n0120.xml.gz: 
2025-04-18 20:52:21,234 - ERROR - Error downloading pubmed25n0120.xml.gz: 
2025-04-18 20:52:21,234 - WARNING - Error checking file size for pubmed25n0121.xml.gz: 
2025-04-18 20:52:21,235 - ERROR - Error downloading pubmed25n0121.xml.gz: 
2025-04-18 20:52:21,235 - WARNING - Error checking file size for pubmed25n0123.xml.gz: 
2025-04-18 20:52:21,235 - ERROR - Error downloading pubmed25n0123.xml.gz: 
2025-04-18 20:52:21,235 - WARNING - Error checking file size for pubmed25n0122.xml.gz: 
2025-04-18 20:52:21,235 - ERROR - Error downloading pubmed25n0122.xml.gz: 
2025-04-18 20:52:21,235 - WARNING - Error checking file size for pubmed25n0124.xml.gz: 
2025-04-18 20:52:21,235 - ERROR - Error downloading pubmed25n0124.xml.gz: 
2025-04-18 20:52:21,236 - WARNING - Error checking file size for pubmed25n0125.xml.gz: 
2025-04-18 20:52:21,236 - ERROR - Error downloading pubmed25n0125.xml.gz: 
2025-04-18 20:52:21,236 - WARNING - Error checking file size for pubmed25n0127.xml.gz: 
2025-04-18 20:52:21,236 - ERROR - Error downloading pubmed25n0127.xml.gz: 
2025-04-18 20:52:21,236 - WARNING - Error checking file size for pubmed25n0126.xml.gz: 
2025-04-18 20:52:21,236 - ERROR - Error downloading pubmed25n0126.xml.gz: 
2025-04-18 20:52:21,236 - WARNING - Error checking file size for pubmed25n0128.xml.gz: 
2025-04-18 20:52:21,236 - ERROR - Error downloading pubmed25n0128.xml.gz: 
2025-04-18 20:52:21,237 - WARNING - Error checking file size for pubmed25n0129.xml.gz: 
2025-04-18 20:52:21,237 - ERROR - Error downloading pubmed25n0129.xml.gz: 
2025-04-18 20:52:21,237 - WARNING - Error checking file size for pubmed25n0130.xml.gz: 
2025-04-18 20:52:21,237 - ERROR - Error downloading pubmed25n0130.xml.gz: 
2025-04-18 20:52:21,237 - WARNING - Error checking file size for pubmed25n0184.xml.gz: 
2025-04-18 20:52:21,237 - ERROR - Error downloading pubmed25n0184.xml.gz: 
2025-04-18 20:52:21,237 - WARNING - Error checking file size for pubmed25n0131.xml.gz: 
2025-04-18 20:52:21,237 - ERROR - Error downloading pubmed25n0131.xml.gz: 
2025-04-18 20:52:21,237 - WARNING - Error checking file size for pubmed25n0132.xml.gz: 
2025-04-18 20:52:21,238 - ERROR - Error downloading pubmed25n0132.xml.gz: 
2025-04-18 20:52:21,238 - WARNING - Error checking file size for pubmed25n0133.xml.gz: 
2025-04-18 20:52:21,238 - ERROR - Error downloading pubmed25n0133.xml.gz: 
2025-04-18 20:52:21,238 - WARNING - Error checking file size for pubmed25n0134.xml.gz: 
2025-04-18 20:52:21,238 - ERROR - Error downloading pubmed25n0134.xml.gz: 
2025-04-18 20:52:21,238 - WARNING - Error checking file size for pubmed25n0135.xml.gz: 
2025-04-18 20:52:21,238 - ERROR - Error downloading pubmed25n0135.xml.gz: 
2025-04-18 20:52:21,238 - WARNING - Error checking file size for pubmed25n0136.xml.gz: 
2025-04-18 20:52:21,238 - ERROR - Error downloading pubmed25n0136.xml.gz: 
2025-04-18 20:52:21,238 - WARNING - Error checking file size for pubmed25n0137.xml.gz: 
2025-04-18 20:52:21,238 - ERROR - Error downloading pubmed25n0137.xml.gz: 
2025-04-18 20:52:21,238 - WARNING - Error checking file size for pubmed25n0139.xml.gz: 
2025-04-18 20:52:21,238 - ERROR - Error downloading pubmed25n0139.xml.gz: 
2025-04-18 20:52:21,238 - WARNING - Error checking file size for pubmed25n0138.xml.gz: 
2025-04-18 20:52:21,238 - ERROR - Error downloading pubmed25n0138.xml.gz: 
2025-04-18 20:52:21,239 - WARNING - Error checking file size for pubmed25n0140.xml.gz: 
2025-04-18 20:52:21,239 - ERROR - Error downloading pubmed25n0140.xml.gz: 
2025-04-18 20:52:21,239 - WARNING - Error checking file size for pubmed25n0141.xml.gz: 
2025-04-18 20:52:21,239 - ERROR - Error downloading pubmed25n0141.xml.gz: 
2025-04-18 20:52:21,239 - WARNING - Error checking file size for pubmed25n0142.xml.gz: 
2025-04-18 20:52:21,239 - ERROR - Error downloading pubmed25n0142.xml.gz: 
2025-04-18 20:52:21,239 - WARNING - Error checking file size for pubmed25n0143.xml.gz: 
2025-04-18 20:52:21,240 - ERROR - Error downloading pubmed25n0143.xml.gz: 
2025-04-18 20:52:21,240 - WARNING - Error checking file size for pubmed25n0144.xml.gz: 
2025-04-18 20:52:21,240 - ERROR - Error downloading pubmed25n0144.xml.gz: 
2025-04-18 20:52:21,240 - WARNING - Error checking file size for pubmed25n0145.xml.gz: 
2025-04-18 20:52:21,240 - ERROR - Error downloading pubmed25n0145.xml.gz: 
2025-04-18 20:52:21,240 - WARNING - Error checking file size for pubmed25n0146.xml.gz: 
2025-04-18 20:52:21,240 - ERROR - Error downloading pubmed25n0146.xml.gz: 
2025-04-18 20:52:21,240 - WARNING - Error checking file size for pubmed25n0147.xml.gz: 
2025-04-18 20:52:21,240 - ERROR - Error downloading pubmed25n0147.xml.gz: 
2025-04-18 20:52:21,240 - WARNING - Error checking file size for pubmed25n0148.xml.gz: 
2025-04-18 20:52:21,240 - ERROR - Error downloading pubmed25n0148.xml.gz: 
2025-04-18 20:52:21,240 - WARNING - Error checking file size for pubmed25n0149.xml.gz: 
2025-04-18 20:52:21,240 - ERROR - Error downloading pubmed25n0149.xml.gz: 
2025-04-18 20:52:21,240 - WARNING - Error checking file size for pubmed25n0150.xml.gz: 
2025-04-18 20:52:21,240 - ERROR - Error downloading pubmed25n0150.xml.gz: 
2025-04-18 20:52:21,240 - WARNING - Error checking file size for pubmed25n0151.xml.gz: 
2025-04-18 20:52:21,241 - ERROR - Error downloading pubmed25n0151.xml.gz: 
2025-04-18 20:52:21,241 - WARNING - Error checking file size for pubmed25n0152.xml.gz: 
2025-04-18 20:52:21,241 - ERROR - Error downloading pubmed25n0152.xml.gz: 
2025-04-18 20:52:21,241 - WARNING - Error checking file size for pubmed25n0153.xml.gz: 
2025-04-18 20:52:21,241 - ERROR - Error downloading pubmed25n0153.xml.gz: 
2025-04-18 20:52:21,241 - WARNING - Error checking file size for pubmed25n0154.xml.gz: 
2025-04-18 20:52:21,241 - ERROR - Error downloading pubmed25n0154.xml.gz: 
2025-04-18 20:52:21,241 - WARNING - Error checking file size for pubmed25n0155.xml.gz: 
2025-04-18 20:52:21,241 - ERROR - Error downloading pubmed25n0155.xml.gz: 
2025-04-18 20:52:21,241 - WARNING - Error checking file size for pubmed25n0156.xml.gz: 
2025-04-18 20:52:21,241 - ERROR - Error downloading pubmed25n0156.xml.gz: 
2025-04-18 20:52:21,242 - WARNING - Error checking file size for pubmed25n0157.xml.gz: 
2025-04-18 20:52:21,242 - ERROR - Error downloading pubmed25n0157.xml.gz: 
2025-04-18 20:52:21,242 - WARNING - Error checking file size for pubmed25n0158.xml.gz: 
2025-04-18 20:52:21,242 - ERROR - Error downloading pubmed25n0158.xml.gz: 
2025-04-18 20:52:21,242 - WARNING - Error checking file size for pubmed25n0159.xml.gz: 
2025-04-18 20:52:21,242 - ERROR - Error downloading pubmed25n0159.xml.gz: 
2025-04-18 20:52:21,242 - WARNING - Error checking file size for pubmed25n0160.xml.gz: 
2025-04-18 20:52:21,242 - ERROR - Error downloading pubmed25n0160.xml.gz: 
2025-04-18 20:52:21,242 - WARNING - Error checking file size for pubmed25n0161.xml.gz: 
2025-04-18 20:52:21,242 - ERROR - Error downloading pubmed25n0161.xml.gz: 
2025-04-18 20:52:21,243 - WARNING - Error checking file size for pubmed25n0162.xml.gz: 
2025-04-18 20:52:21,243 - ERROR - Error downloading pubmed25n0162.xml.gz: 
2025-04-18 20:52:21,243 - WARNING - Error checking file size for pubmed25n0163.xml.gz: 
2025-04-18 20:52:21,243 - ERROR - Error downloading pubmed25n0163.xml.gz: 
2025-04-18 20:52:21,243 - WARNING - Error checking file size for pubmed25n0164.xml.gz: 
2025-04-18 20:52:21,243 - ERROR - Error downloading pubmed25n0164.xml.gz: 
2025-04-18 20:52:21,243 - WARNING - Error checking file size for pubmed25n0165.xml.gz: 
2025-04-18 20:52:21,243 - ERROR - Error downloading pubmed25n0165.xml.gz: 
2025-04-18 20:52:21,243 - WARNING - Error checking file size for pubmed25n0166.xml.gz: 
2025-04-18 20:52:21,243 - ERROR - Error downloading pubmed25n0166.xml.gz: 
2025-04-18 20:52:21,243 - WARNING - Error checking file size for pubmed25n0167.xml.gz: 
2025-04-18 20:52:21,243 - ERROR - Error downloading pubmed25n0167.xml.gz: 
2025-04-18 20:52:21,243 - WARNING - Error checking file size for pubmed25n0168.xml.gz: 
2025-04-18 20:52:21,243 - ERROR - Error downloading pubmed25n0168.xml.gz: 
2025-04-18 20:52:21,243 - WARNING - Error checking file size for pubmed25n0169.xml.gz: 
2025-04-18 20:52:21,243 - ERROR - Error downloading pubmed25n0169.xml.gz: 
2025-04-18 20:52:21,243 - WARNING - Error checking file size for pubmed25n0170.xml.gz: 
2025-04-18 20:52:21,243 - ERROR - Error downloading pubmed25n0170.xml.gz: 
2025-04-18 20:52:21,243 - WARNING - Error checking file size for pubmed25n0171.xml.gz: 
2025-04-18 20:52:21,243 - ERROR - Error downloading pubmed25n0171.xml.gz: 
2025-04-18 20:52:21,243 - WARNING - Error checking file size for pubmed25n0172.xml.gz: 
2025-04-18 20:52:21,243 - ERROR - Error downloading pubmed25n0172.xml.gz: 
2025-04-18 20:52:21,243 - WARNING - Error checking file size for pubmed25n0173.xml.gz: 
2025-04-18 20:52:21,243 - ERROR - Error downloading pubmed25n0173.xml.gz: 
2025-04-18 20:52:21,243 - WARNING - Error checking file size for pubmed25n0174.xml.gz: 
2025-04-18 20:52:21,243 - ERROR - Error downloading pubmed25n0174.xml.gz: 
2025-04-18 20:52:21,243 - WARNING - Error checking file size for pubmed25n0175.xml.gz: 
2025-04-18 20:52:21,243 - ERROR - Error downloading pubmed25n0175.xml.gz: 
2025-04-18 20:52:21,243 - WARNING - Error checking file size for pubmed25n0176.xml.gz: 
2025-04-18 20:52:21,243 - ERROR - Error downloading pubmed25n0176.xml.gz: 
2025-04-18 20:52:21,243 - WARNING - Error checking file size for pubmed25n0177.xml.gz: 
2025-04-18 20:52:21,243 - ERROR - Error downloading pubmed25n0177.xml.gz: 
2025-04-18 20:52:21,243 - WARNING - Error checking file size for pubmed25n0178.xml.gz: 
2025-04-18 20:52:21,243 - ERROR - Error downloading pubmed25n0178.xml.gz: 
2025-04-18 20:52:21,243 - WARNING - Error checking file size for pubmed25n0179.xml.gz: 
2025-04-18 20:52:21,243 - ERROR - Error downloading pubmed25n0179.xml.gz: 
2025-04-18 20:52:21,244 - WARNING - Error checking file size for pubmed25n0180.xml.gz: 
2025-04-18 20:52:21,244 - ERROR - Error downloading pubmed25n0180.xml.gz: 
2025-04-18 20:52:21,244 - WARNING - Error checking file size for pubmed25n0181.xml.gz: 
2025-04-18 20:52:21,244 - ERROR - Error downloading pubmed25n0181.xml.gz: 
2025-04-18 20:52:21,244 - WARNING - Error checking file size for pubmed25n0182.xml.gz: 
2025-04-18 20:52:21,244 - ERROR - Error downloading pubmed25n0182.xml.gz: 
2025-04-18 20:52:21,244 - WARNING - Error checking file size for pubmed25n0185.xml.gz: 
2025-04-18 20:52:21,244 - ERROR - Error downloading pubmed25n0185.xml.gz: 
2025-04-18 20:52:21,244 - WARNING - Error checking file size for pubmed25n0186.xml.gz: 
2025-04-18 20:52:21,244 - ERROR - Error downloading pubmed25n0186.xml.gz: 
2025-04-18 20:52:21,244 - WARNING - Error checking file size for pubmed25n0187.xml.gz: 
2025-04-18 20:52:21,244 - ERROR - Error downloading pubmed25n0187.xml.gz: 
2025-04-18 20:52:21,244 - WARNING - Error checking file size for pubmed25n0188.xml.gz: 
2025-04-18 20:52:21,244 - ERROR - Error downloading pubmed25n0188.xml.gz: 
2025-04-18 20:52:21,244 - WARNING - Error checking file size for pubmed25n0189.xml.gz: 
2025-04-18 20:52:21,244 - ERROR - Error downloading pubmed25n0189.xml.gz: 
2025-04-18 20:52:21,244 - WARNING - Error checking file size for pubmed25n0190.xml.gz: 
2025-04-18 20:52:21,244 - ERROR - Error downloading pubmed25n0190.xml.gz: 
2025-04-18 20:52:21,244 - WARNING - Error checking file size for pubmed25n0191.xml.gz: 
2025-04-18 20:52:21,244 - ERROR - Error downloading pubmed25n0191.xml.gz: 
2025-04-18 20:52:21,244 - WARNING - Error checking file size for pubmed25n0192.xml.gz: 
2025-04-18 20:52:21,244 - ERROR - Error downloading pubmed25n0192.xml.gz: 
2025-04-18 20:52:21,244 - WARNING - Error checking file size for pubmed25n0193.xml.gz: 
2025-04-18 20:52:21,244 - ERROR - Error downloading pubmed25n0193.xml.gz: 
2025-04-18 20:52:21,244 - WARNING - Error checking file size for pubmed25n0195.xml.gz: 
2025-04-18 20:52:21,244 - ERROR - Error downloading pubmed25n0195.xml.gz: 
2025-04-18 20:52:21,244 - WARNING - Error checking file size for pubmed25n0196.xml.gz: 
2025-04-18 20:52:21,244 - ERROR - Error downloading pubmed25n0196.xml.gz: 
2025-04-18 20:52:21,244 - WARNING - Error checking file size for pubmed25n0197.xml.gz: 
2025-04-18 20:52:21,244 - ERROR - Error downloading pubmed25n0197.xml.gz: 
2025-04-18 20:52:21,244 - WARNING - Error checking file size for pubmed25n0198.xml.gz: 
2025-04-18 20:52:21,244 - ERROR - Error downloading pubmed25n0198.xml.gz: 
2025-04-18 20:52:21,244 - WARNING - Error checking file size for pubmed25n0199.xml.gz: 
2025-04-18 20:52:21,244 - ERROR - Error downloading pubmed25n0199.xml.gz: 
2025-04-18 20:52:21,244 - WARNING - Error checking file size for pubmed25n0200.xml.gz: 
2025-04-18 20:52:21,244 - ERROR - Error downloading pubmed25n0200.xml.gz: 
2025-04-18 20:52:21,245 - WARNING - Error checking file size for pubmed25n0201.xml.gz: 
2025-04-18 20:52:21,245 - ERROR - Error downloading pubmed25n0201.xml.gz: 
2025-04-18 20:52:21,245 - WARNING - Error checking file size for pubmed25n0202.xml.gz: 
2025-04-18 20:52:21,245 - ERROR - Error downloading pubmed25n0202.xml.gz: 
2025-04-18 20:52:21,245 - WARNING - Error checking file size for pubmed25n0203.xml.gz: 
2025-04-18 20:52:21,245 - ERROR - Error downloading pubmed25n0203.xml.gz: 
2025-04-18 20:52:21,245 - WARNING - Error checking file size for pubmed25n0204.xml.gz: 
2025-04-18 20:52:21,245 - ERROR - Error downloading pubmed25n0204.xml.gz: 
2025-04-18 20:52:21,245 - WARNING - Error checking file size for pubmed25n0205.xml.gz: 
2025-04-18 20:52:21,245 - ERROR - Error downloading pubmed25n0205.xml.gz: 
2025-04-18 20:52:21,245 - WARNING - Error checking file size for pubmed25n0206.xml.gz: 
2025-04-18 20:52:21,245 - ERROR - Error downloading pubmed25n0206.xml.gz: 
2025-04-18 20:52:21,245 - WARNING - Error checking file size for pubmed25n0207.xml.gz: 
2025-04-18 20:52:21,245 - ERROR - Error downloading pubmed25n0207.xml.gz: 
2025-04-18 20:52:21,245 - WARNING - Error checking file size for pubmed25n0208.xml.gz: 
2025-04-18 20:52:21,245 - ERROR - Error downloading pubmed25n0208.xml.gz: 
2025-04-18 20:52:21,245 - WARNING - Error checking file size for pubmed25n0209.xml.gz: 
2025-04-18 20:52:21,245 - ERROR - Error downloading pubmed25n0209.xml.gz: 
2025-04-18 20:52:21,245 - WARNING - Error checking file size for pubmed25n0210.xml.gz: 
2025-04-18 20:52:21,245 - ERROR - Error downloading pubmed25n0210.xml.gz: 
2025-04-18 20:52:21,245 - WARNING - Error checking file size for pubmed25n0211.xml.gz: 
2025-04-18 20:52:21,245 - ERROR - Error downloading pubmed25n0211.xml.gz: 
2025-04-18 20:52:21,245 - WARNING - Error checking file size for pubmed25n0222.xml.gz: 
2025-04-18 20:52:21,245 - ERROR - Error downloading pubmed25n0222.xml.gz: 
2025-04-18 20:52:21,246 - WARNING - Error checking file size for pubmed25n0212.xml.gz: 
2025-04-18 20:52:21,246 - ERROR - Error downloading pubmed25n0212.xml.gz: 
2025-04-18 20:52:21,246 - WARNING - Error checking file size for pubmed25n0213.xml.gz: 
2025-04-18 20:52:21,246 - ERROR - Error downloading pubmed25n0213.xml.gz: 
2025-04-18 20:52:21,246 - WARNING - Error checking file size for pubmed25n0214.xml.gz: 
2025-04-18 20:52:21,246 - ERROR - Error downloading pubmed25n0214.xml.gz: 
2025-04-18 20:52:21,246 - WARNING - Error checking file size for pubmed25n0215.xml.gz: 
2025-04-18 20:52:21,246 - ERROR - Error downloading pubmed25n0215.xml.gz: 
2025-04-18 20:52:21,246 - WARNING - Error checking file size for pubmed25n0216.xml.gz: 
2025-04-18 20:52:21,246 - ERROR - Error downloading pubmed25n0216.xml.gz: 
2025-04-18 20:52:21,246 - WARNING - Error checking file size for pubmed25n0217.xml.gz: 
2025-04-18 20:52:21,246 - ERROR - Error downloading pubmed25n0217.xml.gz: 
2025-04-18 20:52:21,246 - WARNING - Error checking file size for pubmed25n0218.xml.gz: 
2025-04-18 20:52:21,246 - ERROR - Error downloading pubmed25n0218.xml.gz: 
2025-04-18 20:52:21,246 - WARNING - Error checking file size for pubmed25n0219.xml.gz: 
2025-04-18 20:52:21,246 - ERROR - Error downloading pubmed25n0219.xml.gz: 
2025-04-18 20:52:21,246 - WARNING - Error checking file size for pubmed25n0220.xml.gz: 
2025-04-18 20:52:21,246 - ERROR - Error downloading pubmed25n0220.xml.gz: 
2025-04-18 20:52:21,246 - WARNING - Error checking file size for pubmed25n0221.xml.gz: 
2025-04-18 20:52:21,246 - ERROR - Error downloading pubmed25n0221.xml.gz: 
2025-04-18 20:52:21,246 - WARNING - Error checking file size for pubmed25n0223.xml.gz: 
2025-04-18 20:52:21,246 - ERROR - Error downloading pubmed25n0223.xml.gz: 
2025-04-18 20:52:21,246 - WARNING - Error checking file size for pubmed25n0224.xml.gz: 
2025-04-18 20:52:21,246 - ERROR - Error downloading pubmed25n0224.xml.gz: 
2025-04-18 20:52:21,246 - WARNING - Error checking file size for pubmed25n0225.xml.gz: 
2025-04-18 20:52:21,246 - ERROR - Error downloading pubmed25n0225.xml.gz: 
2025-04-18 20:52:21,246 - WARNING - Error checking file size for pubmed25n0226.xml.gz: 
2025-04-18 20:52:21,247 - ERROR - Error downloading pubmed25n0226.xml.gz: 
2025-04-18 20:52:21,247 - WARNING - Error checking file size for pubmed25n0227.xml.gz: 
2025-04-18 20:52:21,247 - ERROR - Error downloading pubmed25n0227.xml.gz: 
2025-04-18 20:52:21,247 - WARNING - Error checking file size for pubmed25n0228.xml.gz: 
2025-04-18 20:52:21,247 - ERROR - Error downloading pubmed25n0228.xml.gz: 
2025-04-18 20:52:21,247 - WARNING - Error checking file size for pubmed25n0229.xml.gz: 
2025-04-18 20:52:21,247 - ERROR - Error downloading pubmed25n0229.xml.gz: 
2025-04-18 20:52:21,247 - WARNING - Error checking file size for pubmed25n0230.xml.gz: 
2025-04-18 20:52:21,247 - ERROR - Error downloading pubmed25n0230.xml.gz: 
2025-04-18 20:52:21,247 - WARNING - Error checking file size for pubmed25n0231.xml.gz: 
2025-04-18 20:52:21,247 - ERROR - Error downloading pubmed25n0231.xml.gz: 
2025-04-18 20:52:21,247 - WARNING - Error checking file size for pubmed25n0232.xml.gz: 
2025-04-18 20:52:21,247 - ERROR - Error downloading pubmed25n0232.xml.gz: 
2025-04-18 20:52:21,247 - WARNING - Error checking file size for pubmed25n0233.xml.gz: 
2025-04-18 20:52:21,247 - ERROR - Error downloading pubmed25n0233.xml.gz: 
2025-04-18 20:52:21,247 - ERROR - Error downloading pubmed25n0234.xml.gz: 
2025-04-18 20:52:21,247 - ERROR - Error downloading pubmed25n0235.xml.gz: 
2025-04-18 20:52:21,247 - ERROR - Error downloading pubmed25n0236.xml.gz: 
2025-04-18 20:52:21,247 - ERROR - Error downloading pubmed25n0237.xml.gz: 
2025-04-18 20:52:21,247 - ERROR - Error downloading pubmed25n0238.xml.gz: 
2025-04-18 20:52:21,247 - ERROR - Error downloading pubmed25n0270.xml.gz: 
2025-04-18 20:52:21,247 - ERROR - Error downloading pubmed25n0239.xml.gz: 
2025-04-18 20:52:21,247 - ERROR - Error downloading pubmed25n0240.xml.gz: 
2025-04-18 20:52:21,247 - ERROR - Error downloading pubmed25n0241.xml.gz: 
2025-04-18 20:52:21,247 - ERROR - Error downloading pubmed25n0242.xml.gz: 
2025-04-18 20:52:21,247 - ERROR - Error downloading pubmed25n0243.xml.gz: 
2025-04-18 20:52:21,247 - ERROR - Error downloading pubmed25n0244.xml.gz: 
2025-04-18 20:52:21,247 - ERROR - Error downloading pubmed25n0245.xml.gz: 
2025-04-18 20:52:21,247 - ERROR - Error downloading pubmed25n0247.xml.gz: 
2025-04-18 20:52:21,247 - ERROR - Error downloading pubmed25n0246.xml.gz: 
2025-04-18 20:52:21,247 - ERROR - Error downloading pubmed25n0248.xml.gz: 
2025-04-18 20:52:21,248 - ERROR - Error downloading pubmed25n0249.xml.gz: 
2025-04-18 20:52:21,248 - ERROR - Error downloading pubmed25n0250.xml.gz: 
2025-04-18 20:52:21,248 - ERROR - Error downloading pubmed25n0251.xml.gz: 
2025-04-18 20:52:21,248 - ERROR - Error downloading pubmed25n0252.xml.gz: 
2025-04-18 20:52:21,248 - ERROR - Error downloading pubmed25n0253.xml.gz: 
2025-04-18 20:52:21,248 - ERROR - Error downloading pubmed25n0254.xml.gz: 
2025-04-18 20:52:21,248 - ERROR - Error downloading pubmed25n0255.xml.gz: 
2025-04-18 20:52:21,248 - ERROR - Error downloading pubmed25n0256.xml.gz: 
2025-04-18 20:52:21,248 - ERROR - Error downloading pubmed25n0257.xml.gz: 
2025-04-18 20:52:21,248 - ERROR - Error downloading pubmed25n0258.xml.gz: 
2025-04-18 20:52:21,248 - ERROR - Error downloading pubmed25n0259.xml.gz: 
2025-04-18 20:52:21,248 - ERROR - Error downloading pubmed25n0260.xml.gz: 
2025-04-18 20:52:21,248 - ERROR - Error downloading pubmed25n0261.xml.gz: 
2025-04-18 20:52:21,248 - ERROR - Error downloading pubmed25n0262.xml.gz: 
2025-04-18 20:52:21,248 - ERROR - Error downloading pubmed25n0263.xml.gz: 
2025-04-18 20:52:21,248 - ERROR - Error downloading pubmed25n0264.xml.gz: 
2025-04-18 20:52:21,248 - ERROR - Error downloading pubmed25n0265.xml.gz: 
2025-04-18 20:52:21,248 - ERROR - Error downloading pubmed25n0266.xml.gz: 
2025-04-18 20:52:21,248 - ERROR - Error downloading pubmed25n0267.xml.gz: 
2025-04-18 20:52:21,248 - ERROR - Error downloading pubmed25n0268.xml.gz: 
2025-04-18 20:52:21,248 - ERROR - Error downloading pubmed25n0269.xml.gz: 
2025-04-18 20:52:21,248 - ERROR - Error downloading pubmed25n0271.xml.gz: 
2025-04-18 20:52:21,248 - ERROR - Error downloading pubmed25n0272.xml.gz: 
2025-04-18 20:52:21,248 - ERROR - Error downloading pubmed25n0273.xml.gz: 
2025-04-18 20:52:21,248 - ERROR - Error downloading pubmed25n0274.xml.gz: 
2025-04-18 20:52:21,248 - ERROR - Error downloading pubmed25n0275.xml.gz: 
2025-04-18 20:52:21,248 - ERROR - Error downloading pubmed25n0276.xml.gz: 
2025-04-18 20:52:21,248 - ERROR - Error downloading pubmed25n0277.xml.gz: 
2025-04-18 20:52:21,248 - ERROR - Error downloading pubmed25n0278.xml.gz: 
2025-04-18 20:52:21,248 - ERROR - Error downloading pubmed25n0279.xml.gz: 
2025-04-18 20:52:21,248 - ERROR - Error downloading pubmed25n0280.xml.gz: 
2025-04-18 20:52:21,248 - ERROR - Error downloading pubmed25n0281.xml.gz: 
2025-04-18 20:52:21,248 - ERROR - Error downloading pubmed25n0282.xml.gz: 
2025-04-18 20:52:21,248 - ERROR - Error downloading pubmed25n0283.xml.gz: 
2025-04-18 20:52:21,248 - ERROR - Error downloading pubmed25n0284.xml.gz: 
2025-04-18 20:52:21,248 - ERROR - Error downloading pubmed25n0286.xml.gz: 
2025-04-18 20:52:21,248 - ERROR - Error downloading pubmed25n0285.xml.gz: 
2025-04-18 20:52:21,248 - ERROR - Error downloading pubmed25n0287.xml.gz: 
2025-04-18 20:52:21,248 - ERROR - Error downloading pubmed25n0288.xml.gz: 
2025-04-18 20:52:21,248 - ERROR - Error downloading pubmed25n0289.xml.gz: 
2025-04-18 20:52:21,248 - ERROR - Error downloading pubmed25n0290.xml.gz: 
2025-04-18 20:52:21,249 - ERROR - Error downloading pubmed25n0344.xml.gz: 
2025-04-18 20:52:21,249 - ERROR - Error downloading pubmed25n0292.xml.gz: 
2025-04-18 20:52:21,249 - ERROR - Error downloading pubmed25n0293.xml.gz: 
2025-04-18 20:52:21,249 - ERROR - Error downloading pubmed25n0294.xml.gz: 
2025-04-18 20:52:21,249 - ERROR - Error downloading pubmed25n0295.xml.gz: 
2025-04-18 20:52:21,249 - ERROR - Error downloading pubmed25n0296.xml.gz: 
2025-04-18 20:52:21,249 - ERROR - Error downloading pubmed25n0297.xml.gz: 
2025-04-18 20:52:21,249 - ERROR - Error downloading pubmed25n0298.xml.gz: 
2025-04-18 20:52:21,249 - ERROR - Error downloading pubmed25n0299.xml.gz: 
2025-04-18 20:52:21,249 - ERROR - Error downloading pubmed25n0300.xml.gz: 
2025-04-18 20:52:21,249 - ERROR - Error downloading pubmed25n0301.xml.gz: 
2025-04-18 20:52:21,249 - ERROR - Error downloading pubmed25n0302.xml.gz: 
2025-04-18 20:52:21,249 - ERROR - Error downloading pubmed25n0303.xml.gz: 
2025-04-18 20:52:21,249 - ERROR - Error downloading pubmed25n0304.xml.gz: 
2025-04-18 20:52:21,249 - ERROR - Error downloading pubmed25n0305.xml.gz: 
2025-04-18 20:52:21,249 - ERROR - Error downloading pubmed25n0306.xml.gz: 
2025-04-18 20:52:21,249 - ERROR - Error downloading pubmed25n0307.xml.gz: 
2025-04-18 20:52:21,249 - ERROR - Error downloading pubmed25n0308.xml.gz: 
2025-04-18 20:52:21,249 - ERROR - Error downloading pubmed25n0309.xml.gz: 
2025-04-18 20:52:21,249 - ERROR - Error downloading pubmed25n0310.xml.gz: 
2025-04-18 20:52:21,249 - ERROR - Error downloading pubmed25n0311.xml.gz: 
2025-04-18 20:52:21,249 - ERROR - Error downloading pubmed25n0312.xml.gz: 
2025-04-18 20:52:21,249 - ERROR - Error downloading pubmed25n0313.xml.gz: 
2025-04-18 20:52:21,249 - ERROR - Error downloading pubmed25n0314.xml.gz: 
2025-04-18 20:52:21,249 - ERROR - Error downloading pubmed25n0315.xml.gz: 
2025-04-18 20:52:21,249 - ERROR - Error downloading pubmed25n0316.xml.gz: 
2025-04-18 20:52:21,249 - ERROR - Error downloading pubmed25n0318.xml.gz: 
2025-04-18 20:52:21,249 - ERROR - Error downloading pubmed25n0317.xml.gz: 
2025-04-18 20:52:21,249 - ERROR - Error downloading pubmed25n0319.xml.gz: 
2025-04-18 20:52:21,249 - ERROR - Error downloading pubmed25n0320.xml.gz: 
2025-04-18 20:52:21,249 - ERROR - Error downloading pubmed25n0321.xml.gz: 
2025-04-18 20:52:21,249 - ERROR - Error downloading pubmed25n0322.xml.gz: 
2025-04-18 20:52:21,249 - ERROR - Error downloading pubmed25n0324.xml.gz: 
2025-04-18 20:52:21,249 - ERROR - Error downloading pubmed25n0323.xml.gz: 
2025-04-18 20:52:21,249 - ERROR - Error downloading pubmed25n0325.xml.gz: 
2025-04-18 20:52:21,249 - ERROR - Error downloading pubmed25n0326.xml.gz: 
2025-04-18 20:52:21,249 - ERROR - Error downloading pubmed25n0327.xml.gz: 
2025-04-18 20:52:21,249 - ERROR - Error downloading pubmed25n0330.xml.gz: 
2025-04-18 20:52:21,249 - ERROR - Error downloading pubmed25n0329.xml.gz: 
2025-04-18 20:52:21,249 - ERROR - Error downloading pubmed25n0328.xml.gz: 
2025-04-18 20:52:21,249 - ERROR - Error downloading pubmed25n0331.xml.gz: 
2025-04-18 20:52:21,250 - ERROR - Error downloading pubmed25n0332.xml.gz: 
2025-04-18 20:52:21,250 - ERROR - Error downloading pubmed25n0333.xml.gz: 
2025-04-18 20:52:21,250 - ERROR - Error downloading pubmed25n0334.xml.gz: 
2025-04-18 20:52:21,250 - ERROR - Error downloading pubmed25n0336.xml.gz: 
2025-04-18 20:52:21,250 - ERROR - Error downloading pubmed25n0335.xml.gz: 
2025-04-18 20:52:21,250 - ERROR - Error downloading pubmed25n0337.xml.gz: 
2025-04-18 20:52:21,250 - ERROR - Error downloading pubmed25n0338.xml.gz: 
2025-04-18 20:52:21,250 - ERROR - Error downloading pubmed25n0340.xml.gz: 
2025-04-18 20:52:21,250 - ERROR - Error downloading pubmed25n0341.xml.gz: 
2025-04-18 20:52:21,250 - ERROR - Error downloading pubmed25n0339.xml.gz: 
2025-04-18 20:52:21,250 - ERROR - Error downloading pubmed25n0342.xml.gz: 
2025-04-18 20:52:21,250 - ERROR - Error downloading pubmed25n0343.xml.gz: 
2025-04-18 20:52:21,250 - ERROR - Error downloading pubmed25n0397.xml.gz: 
2025-04-18 20:52:21,250 - ERROR - Error downloading pubmed25n0345.xml.gz: 
2025-04-18 20:52:21,250 - ERROR - Error downloading pubmed25n0346.xml.gz: 
2025-04-18 20:52:21,250 - ERROR - Error downloading pubmed25n0347.xml.gz: 
2025-04-18 20:52:21,250 - ERROR - Error downloading pubmed25n0348.xml.gz: 
2025-04-18 20:52:21,250 - ERROR - Error downloading pubmed25n0349.xml.gz: 
2025-04-18 20:52:21,250 - ERROR - Error downloading pubmed25n0350.xml.gz: 
2025-04-18 20:52:21,250 - ERROR - Error downloading pubmed25n0351.xml.gz: 
2025-04-18 20:52:21,250 - ERROR - Error downloading pubmed25n0352.xml.gz: 
2025-04-18 20:52:21,250 - ERROR - Error downloading pubmed25n0353.xml.gz: 
2025-04-18 20:52:21,250 - ERROR - Error downloading pubmed25n0354.xml.gz: 
2025-04-18 20:52:21,250 - ERROR - Error downloading pubmed25n0355.xml.gz: 
2025-04-18 20:52:21,250 - ERROR - Error downloading pubmed25n0356.xml.gz: 
2025-04-18 20:52:21,250 - ERROR - Error downloading pubmed25n0357.xml.gz: 
2025-04-18 20:52:21,250 - ERROR - Error downloading pubmed25n0358.xml.gz: 
2025-04-18 20:52:21,250 - ERROR - Error downloading pubmed25n0359.xml.gz: 
2025-04-18 20:52:21,250 - ERROR - Error downloading pubmed25n0360.xml.gz: 
2025-04-18 20:52:21,250 - ERROR - Error downloading pubmed25n0361.xml.gz: 
2025-04-18 20:52:21,250 - ERROR - Error downloading pubmed25n0362.xml.gz: 
2025-04-18 20:52:21,250 - ERROR - Error downloading pubmed25n0363.xml.gz: 
2025-04-18 20:52:21,250 - ERROR - Error downloading pubmed25n0365.xml.gz: 
2025-04-18 20:52:21,250 - ERROR - Error downloading pubmed25n0364.xml.gz: 
2025-04-18 20:52:21,250 - ERROR - Error downloading pubmed25n0366.xml.gz: 
2025-04-18 20:52:21,250 - ERROR - Error downloading pubmed25n0367.xml.gz: 
2025-04-18 20:52:21,250 - ERROR - Error downloading pubmed25n0369.xml.gz: 
2025-04-18 20:52:21,250 - ERROR - Error downloading pubmed25n0368.xml.gz: 
2025-04-18 20:52:21,250 - ERROR - Error downloading pubmed25n0370.xml.gz: 
2025-04-18 20:52:21,250 - ERROR - Error downloading pubmed25n0371.xml.gz: 
2025-04-18 20:52:21,250 - ERROR - Error downloading pubmed25n0372.xml.gz: 
2025-04-18 20:52:21,250 - ERROR - Error downloading pubmed25n0373.xml.gz: 
2025-04-18 20:52:21,251 - ERROR - Error downloading pubmed25n0374.xml.gz: 
2025-04-18 20:52:21,251 - ERROR - Error downloading pubmed25n0375.xml.gz: 
2025-04-18 20:52:21,251 - ERROR - Error downloading pubmed25n0376.xml.gz: 
2025-04-18 20:52:21,251 - ERROR - Error downloading pubmed25n0377.xml.gz: 
2025-04-18 20:52:21,251 - ERROR - Error downloading pubmed25n0378.xml.gz: 
2025-04-18 20:52:21,251 - ERROR - Error downloading pubmed25n0379.xml.gz: 
2025-04-18 20:52:21,251 - ERROR - Error downloading pubmed25n0380.xml.gz: 
2025-04-18 20:52:21,251 - ERROR - Error downloading pubmed25n0381.xml.gz: 
2025-04-18 20:52:21,251 - ERROR - Error downloading pubmed25n0382.xml.gz: 
2025-04-18 20:52:21,251 - ERROR - Error downloading pubmed25n0383.xml.gz: 
2025-04-18 20:52:21,251 - ERROR - Error downloading pubmed25n0384.xml.gz: 
2025-04-18 20:52:21,251 - ERROR - Error downloading pubmed25n0385.xml.gz: 
2025-04-18 20:52:21,251 - ERROR - Error downloading pubmed25n0386.xml.gz: 
2025-04-18 20:52:21,251 - ERROR - Error downloading pubmed25n0387.xml.gz: 
2025-04-18 20:52:21,251 - ERROR - Error downloading pubmed25n0389.xml.gz: 
2025-04-18 20:52:21,251 - ERROR - Error downloading pubmed25n0388.xml.gz: 
2025-04-18 20:52:21,251 - ERROR - Error downloading pubmed25n0390.xml.gz: 
2025-04-18 20:52:21,251 - ERROR - Error downloading pubmed25n0391.xml.gz: 
2025-04-18 20:52:21,251 - ERROR - Error downloading pubmed25n0392.xml.gz: 
2025-04-18 20:52:21,251 - ERROR - Error downloading pubmed25n0393.xml.gz: 
2025-04-18 20:52:21,251 - ERROR - Error downloading pubmed25n0394.xml.gz: 
2025-04-18 20:52:21,251 - ERROR - Error downloading pubmed25n0395.xml.gz: 
2025-04-18 20:52:21,251 - ERROR - Error downloading pubmed25n0396.xml.gz: 
2025-04-18 20:52:21,251 - ERROR - Error downloading pubmed25n0398.xml.gz: 
2025-04-18 20:52:21,251 - ERROR - Error downloading pubmed25n0399.xml.gz: 
2025-04-18 20:52:21,251 - ERROR - Error downloading pubmed25n0400.xml.gz: 
2025-04-18 20:52:21,251 - ERROR - Error downloading pubmed25n0401.xml.gz: 
2025-04-18 20:52:21,251 - ERROR - Error downloading pubmed25n0402.xml.gz: 
2025-04-18 20:52:21,251 - ERROR - Error downloading pubmed25n0403.xml.gz: 
2025-04-18 20:52:21,251 - ERROR - Error downloading pubmed25n0404.xml.gz: 
2025-04-18 20:52:21,251 - ERROR - Error downloading pubmed25n0405.xml.gz: 
2025-04-18 20:52:21,251 - ERROR - Error downloading pubmed25n0407.xml.gz: 
2025-04-18 20:52:21,251 - ERROR - Error downloading pubmed25n0406.xml.gz: 
2025-04-18 20:52:21,251 - ERROR - Error downloading pubmed25n0409.xml.gz: 
2025-04-18 20:52:21,251 - ERROR - Error downloading pubmed25n0408.xml.gz: 
2025-04-18 20:52:21,251 - ERROR - Error downloading pubmed25n0411.xml.gz: 
2025-04-18 20:52:21,251 - ERROR - Error downloading pubmed25n0410.xml.gz: 
2025-04-18 20:52:21,251 - ERROR - Error downloading pubmed25n0412.xml.gz: 
2025-04-18 20:52:21,251 - ERROR - Error downloading pubmed25n0413.xml.gz: 
2025-04-18 20:52:21,251 - ERROR - Error downloading pubmed25n0415.xml.gz: 
2025-04-18 20:52:21,251 - ERROR - Error downloading pubmed25n0414.xml.gz: 
2025-04-18 20:52:21,251 - ERROR - Error downloading pubmed25n0416.xml.gz: 
2025-04-18 20:52:21,251 - ERROR - Error downloading pubmed25n0417.xml.gz: 
2025-04-18 20:52:21,252 - ERROR - Error downloading pubmed25n0418.xml.gz: 
2025-04-18 20:52:21,252 - ERROR - Error downloading pubmed25n0419.xml.gz: 
2025-04-18 20:52:21,252 - ERROR - Error downloading pubmed25n0420.xml.gz: 
2025-04-18 20:52:21,252 - ERROR - Error downloading pubmed25n0421.xml.gz: 
2025-04-18 20:52:21,252 - ERROR - Error downloading pubmed25n0422.xml.gz: 
2025-04-18 20:52:21,252 - ERROR - Error downloading pubmed25n0423.xml.gz: 
2025-04-18 20:52:21,252 - ERROR - Error downloading pubmed25n0424.xml.gz: 
2025-04-18 20:52:21,252 - ERROR - Error downloading pubmed25n0425.xml.gz: 
2025-04-18 20:52:21,252 - ERROR - Error downloading pubmed25n0426.xml.gz: 
2025-04-18 20:52:21,252 - ERROR - Error downloading pubmed25n0427.xml.gz: 
2025-04-18 20:52:21,252 - ERROR - Error downloading pubmed25n0428.xml.gz: 
2025-04-18 20:52:21,252 - ERROR - Error downloading pubmed25n0429.xml.gz: 
2025-04-18 20:52:21,252 - ERROR - Error downloading pubmed25n0430.xml.gz: 
2025-04-18 20:52:21,252 - ERROR - Error downloading pubmed25n0431.xml.gz: 
2025-04-18 20:52:21,252 - ERROR - Error downloading pubmed25n0432.xml.gz: 
2025-04-18 20:52:21,252 - ERROR - Error downloading pubmed25n0433.xml.gz: 
2025-04-18 20:52:21,252 - ERROR - Error downloading pubmed25n0434.xml.gz: 
2025-04-18 20:52:21,252 - ERROR - Error downloading pubmed25n0435.xml.gz: 
2025-04-18 20:52:21,252 - ERROR - Error downloading pubmed25n0436.xml.gz: 
2025-04-18 20:52:21,252 - ERROR - Error downloading pubmed25n0437.xml.gz: 
2025-04-18 20:52:21,252 - ERROR - Error downloading pubmed25n0438.xml.gz: 
2025-04-18 20:52:21,252 - ERROR - Error downloading pubmed25n0439.xml.gz: 
2025-04-18 20:52:21,252 - ERROR - Error downloading pubmed25n0440.xml.gz: 
2025-04-18 20:52:21,252 - ERROR - Error downloading pubmed25n0441.xml.gz: 
2025-04-18 20:52:21,252 - ERROR - Error downloading pubmed25n0442.xml.gz: 
2025-04-18 20:52:21,252 - ERROR - Error downloading pubmed25n0444.xml.gz: 
2025-04-18 20:52:21,252 - ERROR - Error downloading pubmed25n0443.xml.gz: 
2025-04-18 20:52:21,252 - ERROR - Error downloading pubmed25n0445.xml.gz: 
2025-04-18 20:52:21,252 - ERROR - Error downloading pubmed25n0446.xml.gz: 
2025-04-18 20:52:21,252 - ERROR - Error downloading pubmed25n0447.xml.gz: 
2025-04-18 20:52:21,252 - ERROR - Error downloading pubmed25n0449.xml.gz: 
2025-04-18 20:52:21,252 - ERROR - Error downloading pubmed25n0448.xml.gz: 
2025-04-18 20:52:21,252 - ERROR - Error downloading pubmed25n0450.xml.gz: 
2025-04-18 20:52:21,252 - ERROR - Error downloading pubmed25n0451.xml.gz: 
2025-04-18 20:52:21,252 - ERROR - Error downloading pubmed25n0453.xml.gz: 
2025-04-18 20:52:21,252 - ERROR - Error downloading pubmed25n0452.xml.gz: 
2025-04-18 20:52:21,252 - ERROR - Error downloading pubmed25n0454.xml.gz: 
2025-04-18 20:52:21,252 - ERROR - Error downloading pubmed25n0455.xml.gz: 
2025-04-18 20:52:21,252 - ERROR - Error downloading pubmed25n0456.xml.gz: 
2025-04-18 20:52:21,252 - ERROR - Error downloading pubmed25n0457.xml.gz: 
2025-04-18 20:52:21,252 - ERROR - Error downloading pubmed25n0458.xml.gz: 
2025-04-18 20:52:21,252 - ERROR - Error downloading pubmed25n0459.xml.gz: 
2025-04-18 20:52:21,252 - ERROR - Error downloading pubmed25n0460.xml.gz: 
2025-04-18 20:52:21,253 - ERROR - Error downloading pubmed25n0461.xml.gz: 
2025-04-18 20:52:21,253 - ERROR - Error downloading pubmed25n0462.xml.gz: 
2025-04-18 20:52:21,253 - ERROR - Error downloading pubmed25n0463.xml.gz: 
2025-04-18 20:52:21,253 - ERROR - Error downloading pubmed25n0464.xml.gz: 
2025-04-18 20:52:21,253 - ERROR - Error downloading pubmed25n0465.xml.gz: 
2025-04-18 20:52:21,253 - ERROR - Error downloading pubmed25n0466.xml.gz: 
2025-04-18 20:52:21,253 - ERROR - Error downloading pubmed25n0467.xml.gz: 
2025-04-18 20:52:21,253 - ERROR - Error downloading pubmed25n0468.xml.gz: 
2025-04-18 20:52:21,253 - ERROR - Error downloading pubmed25n0469.xml.gz: 
2025-04-18 20:52:21,253 - ERROR - Error downloading pubmed25n0470.xml.gz: 
2025-04-18 20:52:21,253 - ERROR - Error downloading pubmed25n0471.xml.gz: 
2025-04-18 20:52:21,253 - ERROR - Error downloading pubmed25n0472.xml.gz: 
2025-04-18 20:52:21,253 - ERROR - Error downloading pubmed25n0473.xml.gz: 
2025-04-18 20:52:21,253 - ERROR - Error downloading pubmed25n0474.xml.gz: 
2025-04-18 20:52:21,253 - ERROR - Error downloading pubmed25n0475.xml.gz: 
2025-04-18 20:52:21,253 - ERROR - Error downloading pubmed25n0476.xml.gz: 
2025-04-18 20:52:21,253 - ERROR - Error downloading pubmed25n0477.xml.gz: 
2025-04-18 20:52:21,253 - ERROR - Error downloading pubmed25n0478.xml.gz: 
2025-04-18 20:52:21,253 - ERROR - Error downloading pubmed25n0479.xml.gz: 
2025-04-18 20:52:21,253 - ERROR - Error downloading pubmed25n0480.xml.gz: 
2025-04-18 20:52:21,253 - ERROR - Error downloading pubmed25n0481.xml.gz: 
2025-04-18 20:52:21,253 - ERROR - Error downloading pubmed25n0482.xml.gz: 
2025-04-18 20:52:21,253 - ERROR - Error downloading pubmed25n0483.xml.gz: 
2025-04-18 20:52:21,253 - ERROR - Error downloading pubmed25n0484.xml.gz: 
2025-04-18 20:52:21,253 - ERROR - Error downloading pubmed25n0485.xml.gz: 
2025-04-18 20:52:21,253 - ERROR - Error downloading pubmed25n0486.xml.gz: 
2025-04-18 20:52:21,253 - ERROR - Error downloading pubmed25n0487.xml.gz: 
2025-04-18 20:52:21,253 - ERROR - Error downloading pubmed25n0488.xml.gz: 
2025-04-18 20:52:21,253 - ERROR - Error downloading pubmed25n0489.xml.gz: 
2025-04-18 20:52:21,253 - ERROR - Error downloading pubmed25n0490.xml.gz: 
2025-04-18 20:52:21,253 - ERROR - Error downloading pubmed25n0491.xml.gz: 
2025-04-18 20:52:21,253 - ERROR - Error downloading pubmed25n0492.xml.gz: 
2025-04-18 20:52:21,253 - ERROR - Error downloading pubmed25n0493.xml.gz: 
2025-04-18 20:52:21,253 - ERROR - Error downloading pubmed25n0494.xml.gz: 
2025-04-18 20:52:21,253 - ERROR - Error downloading pubmed25n0495.xml.gz: 
2025-04-18 20:52:21,253 - ERROR - Error downloading pubmed25n0496.xml.gz: 
2025-04-18 20:52:21,253 - ERROR - Error downloading pubmed25n0497.xml.gz: 
2025-04-18 20:52:21,254 - ERROR - Error downloading pubmed25n0498.xml.gz: 
2025-04-18 20:52:21,254 - ERROR - Error downloading pubmed25n0499.xml.gz: 
2025-04-18 20:52:21,254 - ERROR - Error downloading pubmed25n0500.xml.gz: 
2025-04-18 20:52:21,254 - ERROR - Error downloading pubmed25n0501.xml.gz: 
2025-04-18 20:52:21,254 - ERROR - Error downloading pubmed25n0503.xml.gz: 
2025-04-18 20:52:21,254 - ERROR - Error downloading pubmed25n0502.xml.gz: 
2025-04-18 20:52:21,254 - ERROR - Error downloading pubmed25n0556.xml.gz: 
2025-04-18 20:52:21,254 - ERROR - Error downloading pubmed25n0504.xml.gz: 
2025-04-18 20:52:21,254 - ERROR - Error downloading pubmed25n0505.xml.gz: 
2025-04-18 20:52:21,254 - ERROR - Error downloading pubmed25n0506.xml.gz: 
2025-04-18 20:52:21,254 - ERROR - Error downloading pubmed25n0507.xml.gz: 
2025-04-18 20:52:21,254 - ERROR - Error downloading pubmed25n0508.xml.gz: 
2025-04-18 20:52:21,254 - ERROR - Error downloading pubmed25n0510.xml.gz: 
2025-04-18 20:52:21,254 - ERROR - Error downloading pubmed25n0509.xml.gz: 
2025-04-18 20:52:21,254 - ERROR - Error downloading pubmed25n0512.xml.gz: 
2025-04-18 20:52:21,254 - ERROR - Error downloading pubmed25n0511.xml.gz: 
2025-04-18 20:52:21,254 - ERROR - Error downloading pubmed25n0513.xml.gz: 
2025-04-18 20:52:21,254 - ERROR - Error downloading pubmed25n0514.xml.gz: 
2025-04-18 20:52:21,254 - ERROR - Error downloading pubmed25n0515.xml.gz: 
2025-04-18 20:52:21,254 - ERROR - Error downloading pubmed25n0516.xml.gz: 
2025-04-18 20:52:21,254 - ERROR - Error downloading pubmed25n0517.xml.gz: 
2025-04-18 20:52:21,254 - ERROR - Error downloading pubmed25n0518.xml.gz: 
2025-04-18 20:52:21,254 - ERROR - Error downloading pubmed25n0519.xml.gz: 
2025-04-18 20:52:21,254 - ERROR - Error downloading pubmed25n0520.xml.gz: 
2025-04-18 20:52:21,254 - ERROR - Error downloading pubmed25n0521.xml.gz: 
2025-04-18 20:52:21,254 - ERROR - Error downloading pubmed25n0522.xml.gz: 
2025-04-18 20:52:21,254 - ERROR - Error downloading pubmed25n0523.xml.gz: 
2025-04-18 20:52:21,254 - ERROR - Error downloading pubmed25n0524.xml.gz: 
2025-04-18 20:52:21,254 - ERROR - Error downloading pubmed25n0525.xml.gz: 
2025-04-18 20:52:21,254 - ERROR - Error downloading pubmed25n0526.xml.gz: 
2025-04-18 20:52:21,254 - ERROR - Error downloading pubmed25n0527.xml.gz: 
2025-04-18 20:52:21,254 - ERROR - Error downloading pubmed25n0528.xml.gz: 
2025-04-18 20:52:21,254 - ERROR - Error downloading pubmed25n0529.xml.gz: 
2025-04-18 20:52:21,254 - ERROR - Error downloading pubmed25n0531.xml.gz: 
2025-04-18 20:52:21,254 - ERROR - Error downloading pubmed25n0530.xml.gz: 
2025-04-18 20:52:21,254 - ERROR - Error downloading pubmed25n0532.xml.gz: 
2025-04-18 20:52:21,254 - ERROR - Error downloading pubmed25n0533.xml.gz: 
2025-04-18 20:52:21,254 - ERROR - Error downloading pubmed25n0534.xml.gz: 
2025-04-18 20:52:21,254 - ERROR - Error downloading pubmed25n0535.xml.gz: 
2025-04-18 20:52:21,254 - ERROR - Error downloading pubmed25n0536.xml.gz: 
2025-04-18 20:52:21,254 - ERROR - Error downloading pubmed25n0537.xml.gz: 
2025-04-18 20:52:21,254 - ERROR - Error downloading pubmed25n0538.xml.gz: 
2025-04-18 20:52:21,255 - ERROR - Error downloading pubmed25n0539.xml.gz: 
2025-04-18 20:52:21,255 - ERROR - Error downloading pubmed25n0540.xml.gz: 
2025-04-18 20:52:21,255 - ERROR - Error downloading pubmed25n0541.xml.gz: 
2025-04-18 20:52:21,255 - ERROR - Error downloading pubmed25n0542.xml.gz: 
2025-04-18 20:52:21,255 - ERROR - Error downloading pubmed25n0543.xml.gz: 
2025-04-18 20:52:21,255 - ERROR - Error downloading pubmed25n0544.xml.gz: 
2025-04-18 20:52:21,255 - ERROR - Error downloading pubmed25n0545.xml.gz: 
2025-04-18 20:52:21,255 - ERROR - Error downloading pubmed25n0546.xml.gz: 
2025-04-18 20:52:21,255 - ERROR - Error downloading pubmed25n0547.xml.gz: 
2025-04-18 20:52:21,255 - ERROR - Error downloading pubmed25n0548.xml.gz: 
2025-04-18 20:52:21,255 - ERROR - Error downloading pubmed25n0549.xml.gz: 
2025-04-18 20:52:21,255 - ERROR - Error downloading pubmed25n0550.xml.gz: 
2025-04-18 20:52:21,255 - ERROR - Error downloading pubmed25n0551.xml.gz: 
2025-04-18 20:52:21,255 - ERROR - Error downloading pubmed25n0552.xml.gz: 
2025-04-18 20:52:21,255 - ERROR - Error downloading pubmed25n0553.xml.gz: 
2025-04-18 20:52:21,255 - ERROR - Error downloading pubmed25n0554.xml.gz: 
2025-04-18 20:52:21,255 - ERROR - Error downloading pubmed25n0555.xml.gz: 
2025-04-18 20:52:21,255 - ERROR - Error downloading pubmed25n0610.xml.gz: 
2025-04-18 20:52:21,255 - ERROR - Error downloading pubmed25n0557.xml.gz: 
2025-04-18 20:52:21,255 - ERROR - Error downloading pubmed25n0558.xml.gz: 
2025-04-18 20:52:21,255 - ERROR - Error downloading pubmed25n0559.xml.gz: 
2025-04-18 20:52:21,255 - ERROR - Error downloading pubmed25n0560.xml.gz: 
2025-04-18 20:52:21,255 - ERROR - Error downloading pubmed25n0561.xml.gz: 
2025-04-18 20:52:21,255 - ERROR - Error downloading pubmed25n0562.xml.gz: 
2025-04-18 20:52:21,255 - ERROR - Error downloading pubmed25n0564.xml.gz: 
2025-04-18 20:52:21,255 - ERROR - Error downloading pubmed25n0563.xml.gz: 
2025-04-18 20:52:21,255 - ERROR - Error downloading pubmed25n0565.xml.gz: 
2025-04-18 20:52:21,255 - ERROR - Error downloading pubmed25n0566.xml.gz: 
2025-04-18 20:52:21,255 - ERROR - Error downloading pubmed25n0567.xml.gz: 
2025-04-18 20:52:21,255 - ERROR - Error downloading pubmed25n0568.xml.gz: 
2025-04-18 20:52:21,255 - ERROR - Error downloading pubmed25n0569.xml.gz: 
2025-04-18 20:52:21,255 - ERROR - Error downloading pubmed25n0570.xml.gz: 
2025-04-18 20:52:21,255 - ERROR - Error downloading pubmed25n0571.xml.gz: 
2025-04-18 20:52:21,255 - ERROR - Error downloading pubmed25n0572.xml.gz: 
2025-04-18 20:52:21,255 - ERROR - Error downloading pubmed25n0573.xml.gz: 
2025-04-18 20:52:21,255 - ERROR - Error downloading pubmed25n0576.xml.gz: 
2025-04-18 20:52:21,255 - ERROR - Error downloading pubmed25n0574.xml.gz: 
2025-04-18 20:52:21,255 - ERROR - Error downloading pubmed25n0575.xml.gz: 
2025-04-18 20:52:21,255 - ERROR - Error downloading pubmed25n0577.xml.gz: 
2025-04-18 20:52:21,255 - ERROR - Error downloading pubmed25n0578.xml.gz: 
2025-04-18 20:52:21,255 - ERROR - Error downloading pubmed25n0579.xml.gz: 
2025-04-18 20:52:21,255 - ERROR - Error downloading pubmed25n0580.xml.gz: 
2025-04-18 20:52:21,256 - ERROR - Error downloading pubmed25n0581.xml.gz: 
2025-04-18 20:52:21,256 - ERROR - Error downloading pubmed25n0582.xml.gz: 
2025-04-18 20:52:21,256 - ERROR - Error downloading pubmed25n0583.xml.gz: 
2025-04-18 20:52:21,256 - ERROR - Error downloading pubmed25n0584.xml.gz: 
2025-04-18 20:52:21,256 - ERROR - Error downloading pubmed25n0585.xml.gz: 
2025-04-18 20:52:21,256 - ERROR - Error downloading pubmed25n0587.xml.gz: 
2025-04-18 20:52:21,256 - ERROR - Error downloading pubmed25n0586.xml.gz: 
2025-04-18 20:52:21,256 - ERROR - Error downloading pubmed25n0588.xml.gz: 
2025-04-18 20:52:21,256 - ERROR - Error downloading pubmed25n0589.xml.gz: 
2025-04-18 20:52:21,256 - ERROR - Error downloading pubmed25n0590.xml.gz: 
2025-04-18 20:52:21,256 - ERROR - Error downloading pubmed25n0591.xml.gz: 
2025-04-18 20:52:21,256 - ERROR - Error downloading pubmed25n0592.xml.gz: 
2025-04-18 20:52:21,256 - ERROR - Error downloading pubmed25n0593.xml.gz: 
2025-04-18 20:52:21,256 - ERROR - Error downloading pubmed25n0594.xml.gz: 
2025-04-18 20:52:21,256 - ERROR - Error downloading pubmed25n0595.xml.gz: 
2025-04-18 20:52:21,256 - ERROR - Error downloading pubmed25n0596.xml.gz: 
2025-04-18 20:52:21,256 - ERROR - Error downloading pubmed25n0597.xml.gz: 
2025-04-18 20:52:21,256 - ERROR - Error downloading pubmed25n0598.xml.gz: 
2025-04-18 20:52:21,256 - ERROR - Error downloading pubmed25n0599.xml.gz: 
2025-04-18 20:52:21,256 - ERROR - Error downloading pubmed25n0600.xml.gz: 
2025-04-18 20:52:21,256 - ERROR - Error downloading pubmed25n0601.xml.gz: 
2025-04-18 20:52:21,256 - ERROR - Error downloading pubmed25n0602.xml.gz: 
2025-04-18 20:52:21,256 - ERROR - Error downloading pubmed25n0603.xml.gz: 
2025-04-18 20:52:21,256 - ERROR - Error downloading pubmed25n0604.xml.gz: 
2025-04-18 20:52:21,256 - ERROR - Error downloading pubmed25n0605.xml.gz: 
2025-04-18 20:52:21,256 - ERROR - Error downloading pubmed25n0606.xml.gz: 
2025-04-18 20:52:21,256 - ERROR - Error downloading pubmed25n0607.xml.gz: 
2025-04-18 20:52:21,256 - ERROR - Error downloading pubmed25n0608.xml.gz: 
2025-04-18 20:52:21,256 - ERROR - Error downloading pubmed25n0662.xml.gz: 
2025-04-18 20:52:21,256 - ERROR - Error downloading pubmed25n0611.xml.gz: 
2025-04-18 20:52:21,256 - ERROR - Error downloading pubmed25n0609.xml.gz: 
2025-04-18 20:52:21,256 - ERROR - Error downloading pubmed25n0612.xml.gz: 
2025-04-18 20:52:21,256 - ERROR - Error downloading pubmed25n0614.xml.gz: 
2025-04-18 20:52:21,256 - ERROR - Error downloading pubmed25n0613.xml.gz: 
2025-04-18 20:52:21,256 - ERROR - Error downloading pubmed25n0615.xml.gz: 
2025-04-18 20:52:21,256 - ERROR - Error downloading pubmed25n0616.xml.gz: 
2025-04-18 20:52:21,256 - ERROR - Error downloading pubmed25n0617.xml.gz: 
2025-04-18 20:52:21,256 - ERROR - Error downloading pubmed25n0618.xml.gz: 
2025-04-18 20:52:21,256 - ERROR - Error downloading pubmed25n0619.xml.gz: 
2025-04-18 20:52:21,256 - ERROR - Error downloading pubmed25n0620.xml.gz: 
2025-04-18 20:52:21,256 - ERROR - Error downloading pubmed25n0621.xml.gz: 
2025-04-18 20:52:21,256 - ERROR - Error downloading pubmed25n0622.xml.gz: 
2025-04-18 20:52:21,256 - ERROR - Error downloading pubmed25n0623.xml.gz: 
2025-04-18 20:52:21,256 - ERROR - Error downloading pubmed25n0624.xml.gz: 
2025-04-18 20:52:21,257 - ERROR - Error downloading pubmed25n0625.xml.gz: 
2025-04-18 20:52:21,257 - ERROR - Error downloading pubmed25n0626.xml.gz: 
2025-04-18 20:52:21,257 - ERROR - Error downloading pubmed25n0627.xml.gz: 
2025-04-18 20:52:21,257 - ERROR - Error downloading pubmed25n0628.xml.gz: 
2025-04-18 20:52:21,257 - ERROR - Error downloading pubmed25n0629.xml.gz: 
2025-04-18 20:52:21,257 - ERROR - Error downloading pubmed25n0630.xml.gz: 
2025-04-18 20:52:21,257 - ERROR - Error downloading pubmed25n0631.xml.gz: 
2025-04-18 20:52:21,257 - ERROR - Error downloading pubmed25n0632.xml.gz: 
2025-04-18 20:52:21,257 - ERROR - Error downloading pubmed25n0635.xml.gz: 
2025-04-18 20:52:21,257 - ERROR - Error downloading pubmed25n0633.xml.gz: 
2025-04-18 20:52:21,257 - ERROR - Error downloading pubmed25n0634.xml.gz: 
2025-04-18 20:52:21,257 - ERROR - Error downloading pubmed25n0636.xml.gz: 
2025-04-18 20:52:21,257 - ERROR - Error downloading pubmed25n0637.xml.gz: 
2025-04-18 20:52:21,257 - ERROR - Error downloading pubmed25n0638.xml.gz: 
2025-04-18 20:52:21,257 - ERROR - Error downloading pubmed25n0639.xml.gz: 
2025-04-18 20:52:21,257 - ERROR - Error downloading pubmed25n0640.xml.gz: 
2025-04-18 20:52:21,257 - ERROR - Error downloading pubmed25n0641.xml.gz: 
2025-04-18 20:52:21,257 - ERROR - Error downloading pubmed25n0642.xml.gz: 
2025-04-18 20:52:21,257 - ERROR - Error downloading pubmed25n0643.xml.gz: 
2025-04-18 20:52:21,257 - ERROR - Error downloading pubmed25n0644.xml.gz: 
2025-04-18 20:52:21,257 - ERROR - Error downloading pubmed25n0645.xml.gz: 
2025-04-18 20:52:21,257 - ERROR - Error downloading pubmed25n0646.xml.gz: 
2025-04-18 20:52:21,257 - ERROR - Error downloading pubmed25n0647.xml.gz: 
2025-04-18 20:52:21,257 - ERROR - Error downloading pubmed25n0648.xml.gz: 
2025-04-18 20:52:21,257 - ERROR - Error downloading pubmed25n0649.xml.gz: 
2025-04-18 20:52:21,257 - ERROR - Error downloading pubmed25n0650.xml.gz: 
2025-04-18 20:52:21,257 - ERROR - Error downloading pubmed25n0651.xml.gz: 
2025-04-18 20:52:21,257 - ERROR - Error downloading pubmed25n0653.xml.gz: 
2025-04-18 20:52:21,257 - ERROR - Error downloading pubmed25n0652.xml.gz: 
2025-04-18 20:52:21,257 - ERROR - Error downloading pubmed25n0654.xml.gz: 
2025-04-18 20:52:21,257 - ERROR - Error downloading pubmed25n0655.xml.gz: 
2025-04-18 20:52:21,257 - ERROR - Error downloading pubmed25n0656.xml.gz: 
2025-04-18 20:52:21,257 - ERROR - Error downloading pubmed25n0657.xml.gz: 
2025-04-18 20:52:21,257 - ERROR - Error downloading pubmed25n0658.xml.gz: 
2025-04-18 20:52:21,257 - ERROR - Error downloading pubmed25n0659.xml.gz: 
2025-04-18 20:52:21,257 - ERROR - Error downloading pubmed25n0660.xml.gz: 
2025-04-18 20:52:21,257 - ERROR - Error downloading pubmed25n0661.xml.gz: 
2025-04-18 20:52:21,257 - ERROR - Error downloading pubmed25n0715.xml.gz: 
2025-04-18 20:52:21,257 - ERROR - Error downloading pubmed25n0663.xml.gz: 
2025-04-18 20:52:21,257 - ERROR - Error downloading pubmed25n0664.xml.gz: 
2025-04-18 20:52:21,257 - ERROR - Error downloading pubmed25n0665.xml.gz: 
2025-04-18 20:52:21,257 - ERROR - Error downloading pubmed25n0666.xml.gz: 
2025-04-18 20:52:21,257 - ERROR - Error downloading pubmed25n0669.xml.gz: 
2025-04-18 20:52:21,257 - ERROR - Error downloading pubmed25n0667.xml.gz: 
2025-04-18 20:52:21,258 - ERROR - Error downloading pubmed25n0668.xml.gz: 
2025-04-18 20:52:21,258 - ERROR - Error downloading pubmed25n0670.xml.gz: 
2025-04-18 20:52:21,258 - ERROR - Error downloading pubmed25n0671.xml.gz: 
2025-04-18 20:52:21,258 - ERROR - Error downloading pubmed25n0672.xml.gz: 
2025-04-18 20:52:21,258 - ERROR - Error downloading pubmed25n0673.xml.gz: 
2025-04-18 20:52:21,258 - ERROR - Error downloading pubmed25n0674.xml.gz: 
2025-04-18 20:52:21,258 - ERROR - Error downloading pubmed25n0676.xml.gz: 
2025-04-18 20:52:21,258 - ERROR - Error downloading pubmed25n0677.xml.gz: 
2025-04-18 20:52:21,258 - ERROR - Error downloading pubmed25n0675.xml.gz: 
2025-04-18 20:52:21,258 - ERROR - Error downloading pubmed25n0678.xml.gz: 
2025-04-18 20:52:21,258 - ERROR - Error downloading pubmed25n0679.xml.gz: 
2025-04-18 20:52:21,258 - ERROR - Error downloading pubmed25n0680.xml.gz: 
2025-04-18 20:52:21,258 - ERROR - Error downloading pubmed25n0681.xml.gz: 
2025-04-18 20:52:21,258 - ERROR - Error downloading pubmed25n0682.xml.gz: 
2025-04-18 20:52:21,258 - ERROR - Error downloading pubmed25n0683.xml.gz: 
2025-04-18 20:52:21,258 - ERROR - Error downloading pubmed25n0684.xml.gz: 
2025-04-18 20:52:21,258 - ERROR - Error downloading pubmed25n0685.xml.gz: 
2025-04-18 20:52:21,258 - ERROR - Error downloading pubmed25n0686.xml.gz: 
2025-04-18 20:52:21,258 - ERROR - Error downloading pubmed25n0687.xml.gz: 
2025-04-18 20:52:21,258 - ERROR - Error downloading pubmed25n0688.xml.gz: 
2025-04-18 20:52:21,258 - ERROR - Error downloading pubmed25n0689.xml.gz: 
2025-04-18 20:52:21,258 - ERROR - Error downloading pubmed25n0690.xml.gz: 
2025-04-18 20:52:21,258 - ERROR - Error downloading pubmed25n0691.xml.gz: 
2025-04-18 20:52:21,258 - ERROR - Error downloading pubmed25n0692.xml.gz: 
2025-04-18 20:52:21,258 - ERROR - Error downloading pubmed25n0693.xml.gz: 
2025-04-18 20:52:21,258 - ERROR - Error downloading pubmed25n0694.xml.gz: 
2025-04-18 20:52:21,258 - ERROR - Error downloading pubmed25n0695.xml.gz: 
2025-04-18 20:52:21,258 - ERROR - Error downloading pubmed25n0696.xml.gz: 
2025-04-18 20:52:21,258 - ERROR - Error downloading pubmed25n0697.xml.gz: 
2025-04-18 20:52:21,258 - ERROR - Error downloading pubmed25n0698.xml.gz: 
2025-04-18 20:52:21,258 - ERROR - Error downloading pubmed25n0699.xml.gz: 
2025-04-18 20:52:21,258 - ERROR - Error downloading pubmed25n0700.xml.gz: 
2025-04-18 20:52:21,258 - ERROR - Error downloading pubmed25n0701.xml.gz: 
2025-04-18 20:52:21,258 - ERROR - Error downloading pubmed25n0702.xml.gz: 
2025-04-18 20:52:21,258 - ERROR - Error downloading pubmed25n0703.xml.gz: 
2025-04-18 20:52:21,258 - ERROR - Error downloading pubmed25n0704.xml.gz: 
2025-04-18 20:52:21,258 - ERROR - Error downloading pubmed25n0705.xml.gz: 
2025-04-18 20:52:21,258 - ERROR - Error downloading pubmed25n0706.xml.gz: 
2025-04-18 20:52:21,258 - ERROR - Error downloading pubmed25n0707.xml.gz: 
2025-04-18 20:52:21,258 - ERROR - Error downloading pubmed25n0709.xml.gz: 
2025-04-18 20:52:21,258 - ERROR - Error downloading pubmed25n0708.xml.gz: 
2025-04-18 20:52:21,258 - ERROR - Error downloading pubmed25n0710.xml.gz: 
2025-04-18 20:52:21,258 - ERROR - Error downloading pubmed25n0711.xml.gz: 
2025-04-18 20:52:21,259 - ERROR - Error downloading pubmed25n0712.xml.gz: 
2025-04-18 20:52:21,259 - ERROR - Error downloading pubmed25n0713.xml.gz: 
2025-04-18 20:52:21,259 - ERROR - Error downloading pubmed25n0714.xml.gz: 
2025-04-18 20:52:21,259 - ERROR - Error downloading pubmed25n0768.xml.gz: 
2025-04-18 20:52:21,259 - ERROR - Error downloading pubmed25n0716.xml.gz: 
2025-04-18 20:52:21,259 - ERROR - Error downloading pubmed25n0717.xml.gz: 
2025-04-18 20:52:21,259 - ERROR - Error downloading pubmed25n0718.xml.gz: 
2025-04-18 20:52:21,259 - ERROR - Error downloading pubmed25n0719.xml.gz: 
2025-04-18 20:52:21,259 - ERROR - Error downloading pubmed25n0720.xml.gz: 
2025-04-18 20:52:21,259 - ERROR - Error downloading pubmed25n0721.xml.gz: 
2025-04-18 20:52:21,259 - ERROR - Error downloading pubmed25n0722.xml.gz: 
2025-04-18 20:52:21,259 - ERROR - Error downloading pubmed25n0723.xml.gz: 
2025-04-18 20:52:21,259 - ERROR - Error downloading pubmed25n0724.xml.gz: 
2025-04-18 20:52:21,259 - ERROR - Error downloading pubmed25n0725.xml.gz: 
2025-04-18 20:52:21,259 - ERROR - Error downloading pubmed25n0726.xml.gz: 
2025-04-18 20:52:21,259 - ERROR - Error downloading pubmed25n0727.xml.gz: 
2025-04-18 20:52:21,259 - ERROR - Error downloading pubmed25n0728.xml.gz: 
2025-04-18 20:52:21,259 - ERROR - Error downloading pubmed25n0729.xml.gz: 
2025-04-18 20:52:21,259 - ERROR - Error downloading pubmed25n0730.xml.gz: 
2025-04-18 20:52:21,259 - ERROR - Error downloading pubmed25n0731.xml.gz: 
2025-04-18 20:52:21,259 - ERROR - Error downloading pubmed25n0732.xml.gz: 
2025-04-18 20:52:21,259 - ERROR - Error downloading pubmed25n0733.xml.gz: 
2025-04-18 20:52:21,259 - ERROR - Error downloading pubmed25n0734.xml.gz: 
2025-04-18 20:52:21,259 - ERROR - Error downloading pubmed25n0735.xml.gz: 
2025-04-18 20:52:21,259 - ERROR - Error downloading pubmed25n0736.xml.gz: 
2025-04-18 20:52:21,259 - ERROR - Error downloading pubmed25n0737.xml.gz: 
2025-04-18 20:52:21,259 - ERROR - Error downloading pubmed25n0738.xml.gz: 
2025-04-18 20:52:21,259 - ERROR - Error downloading pubmed25n0739.xml.gz: 
2025-04-18 20:52:21,259 - ERROR - Error downloading pubmed25n0740.xml.gz: 
2025-04-18 20:52:21,259 - ERROR - Error downloading pubmed25n0741.xml.gz: 
2025-04-18 20:52:21,259 - ERROR - Error downloading pubmed25n0742.xml.gz: 
2025-04-18 20:52:21,259 - ERROR - Error downloading pubmed25n0743.xml.gz: 
2025-04-18 20:52:21,259 - ERROR - Error downloading pubmed25n0745.xml.gz: 
2025-04-18 20:52:21,259 - ERROR - Error downloading pubmed25n0746.xml.gz: 
2025-04-18 20:52:21,259 - ERROR - Error downloading pubmed25n0744.xml.gz: 
2025-04-18 20:52:21,259 - ERROR - Error downloading pubmed25n0747.xml.gz: 
2025-04-18 20:52:21,259 - ERROR - Error downloading pubmed25n0748.xml.gz: 
2025-04-18 20:52:21,259 - ERROR - Error downloading pubmed25n0749.xml.gz: 
2025-04-18 20:52:21,259 - ERROR - Error downloading pubmed25n0750.xml.gz: 
2025-04-18 20:52:21,259 - ERROR - Error downloading pubmed25n0751.xml.gz: 
2025-04-18 20:52:21,259 - ERROR - Error downloading pubmed25n0752.xml.gz: 
2025-04-18 20:52:21,259 - ERROR - Error downloading pubmed25n0753.xml.gz: 
2025-04-18 20:52:21,259 - ERROR - Error downloading pubmed25n0754.xml.gz: 
2025-04-18 20:52:21,259 - ERROR - Error downloading pubmed25n0755.xml.gz: 
2025-04-18 20:52:21,260 - ERROR - Error downloading pubmed25n0756.xml.gz: 
2025-04-18 20:52:21,260 - ERROR - Error downloading pubmed25n0757.xml.gz: 
2025-04-18 20:52:21,260 - ERROR - Error downloading pubmed25n0758.xml.gz: 
2025-04-18 20:52:21,260 - ERROR - Error downloading pubmed25n0760.xml.gz: 
2025-04-18 20:52:21,260 - ERROR - Error downloading pubmed25n0759.xml.gz: 
2025-04-18 20:52:21,260 - ERROR - Error downloading pubmed25n0761.xml.gz: 
2025-04-18 20:52:21,260 - ERROR - Error downloading pubmed25n0762.xml.gz: 
2025-04-18 20:52:21,260 - ERROR - Error downloading pubmed25n0763.xml.gz: 
2025-04-18 20:52:21,260 - ERROR - Error downloading pubmed25n0765.xml.gz: 
2025-04-18 20:52:21,260 - ERROR - Error downloading pubmed25n0764.xml.gz: 
2025-04-18 20:52:21,260 - ERROR - Error downloading pubmed25n0766.xml.gz: 
2025-04-18 20:52:21,260 - ERROR - Error downloading pubmed25n0767.xml.gz: 
2025-04-18 20:52:21,260 - ERROR - Error downloading pubmed25n0821.xml.gz: 
2025-04-18 20:52:21,260 - ERROR - Error downloading pubmed25n0769.xml.gz: 
2025-04-18 20:52:21,260 - ERROR - Error downloading pubmed25n0770.xml.gz: 
2025-04-18 20:52:21,260 - ERROR - Error downloading pubmed25n0771.xml.gz: 
2025-04-18 20:52:21,260 - ERROR - Error downloading pubmed25n0772.xml.gz: 
2025-04-18 20:52:21,260 - ERROR - Error downloading pubmed25n0773.xml.gz: 
2025-04-18 20:52:21,260 - ERROR - Error downloading pubmed25n0775.xml.gz: 
2025-04-18 20:52:21,260 - ERROR - Error downloading pubmed25n0774.xml.gz: 
2025-04-18 20:52:21,260 - ERROR - Error downloading pubmed25n0777.xml.gz: 
2025-04-18 20:52:21,260 - ERROR - Error downloading pubmed25n0776.xml.gz: 
2025-04-18 20:52:21,260 - ERROR - Error downloading pubmed25n0779.xml.gz: 
2025-04-18 20:52:21,260 - ERROR - Error downloading pubmed25n0778.xml.gz: 
2025-04-18 20:52:21,260 - ERROR - Error downloading pubmed25n0780.xml.gz: 
2025-04-18 20:52:21,260 - ERROR - Error downloading pubmed25n0781.xml.gz: 
2025-04-18 20:52:21,260 - ERROR - Error downloading pubmed25n0782.xml.gz: 
2025-04-18 20:52:21,260 - ERROR - Error downloading pubmed25n0783.xml.gz: 
2025-04-18 20:52:21,260 - ERROR - Error downloading pubmed25n0784.xml.gz: 
2025-04-18 20:52:21,260 - ERROR - Error downloading pubmed25n0786.xml.gz: 
2025-04-18 20:52:21,260 - ERROR - Error downloading pubmed25n0785.xml.gz: 
2025-04-18 20:52:21,260 - ERROR - Error downloading pubmed25n0787.xml.gz: 
2025-04-18 20:52:21,260 - ERROR - Error downloading pubmed25n0788.xml.gz: 
2025-04-18 20:52:21,260 - ERROR - Error downloading pubmed25n0789.xml.gz: 
2025-04-18 20:52:21,260 - ERROR - Error downloading pubmed25n0790.xml.gz: 
2025-04-18 20:52:21,260 - ERROR - Error downloading pubmed25n0791.xml.gz: 
2025-04-18 20:52:21,260 - ERROR - Error downloading pubmed25n0792.xml.gz: 
2025-04-18 20:52:21,260 - ERROR - Error downloading pubmed25n0793.xml.gz: 
2025-04-18 20:52:21,260 - ERROR - Error downloading pubmed25n0794.xml.gz: 
2025-04-18 20:52:21,260 - ERROR - Error downloading pubmed25n0795.xml.gz: 
2025-04-18 20:52:21,260 - ERROR - Error downloading pubmed25n0797.xml.gz: 
2025-04-18 20:52:21,260 - ERROR - Error downloading pubmed25n0796.xml.gz: 
2025-04-18 20:52:21,260 - ERROR - Error downloading pubmed25n0798.xml.gz: 
2025-04-18 20:52:21,261 - ERROR - Error downloading pubmed25n0799.xml.gz: 
2025-04-18 20:52:21,261 - ERROR - Error downloading pubmed25n0801.xml.gz: 
2025-04-18 20:52:21,261 - ERROR - Error downloading pubmed25n0802.xml.gz: 
2025-04-18 20:52:21,261 - ERROR - Error downloading pubmed25n0800.xml.gz: 
2025-04-18 20:52:21,261 - ERROR - Error downloading pubmed25n0803.xml.gz: 
2025-04-18 20:52:21,261 - ERROR - Error downloading pubmed25n0804.xml.gz: 
2025-04-18 20:52:21,261 - ERROR - Error downloading pubmed25n0805.xml.gz: 
2025-04-18 20:52:21,261 - ERROR - Error downloading pubmed25n0807.xml.gz: 
2025-04-18 20:52:21,261 - ERROR - Error downloading pubmed25n0806.xml.gz: 
2025-04-18 20:52:21,261 - ERROR - Error downloading pubmed25n0808.xml.gz: 
2025-04-18 20:52:21,261 - ERROR - Error downloading pubmed25n0809.xml.gz: 
2025-04-18 20:52:21,261 - ERROR - Error downloading pubmed25n0810.xml.gz: 
2025-04-18 20:52:21,261 - ERROR - Error downloading pubmed25n0812.xml.gz: 
2025-04-18 20:52:21,261 - ERROR - Error downloading pubmed25n0811.xml.gz: 
2025-04-18 20:52:21,261 - ERROR - Error downloading pubmed25n0813.xml.gz: 
2025-04-18 20:52:21,261 - ERROR - Error downloading pubmed25n0814.xml.gz: 
2025-04-18 20:52:21,261 - ERROR - Error downloading pubmed25n0817.xml.gz: 
2025-04-18 20:52:21,261 - ERROR - Error downloading pubmed25n0815.xml.gz: 
2025-04-18 20:52:21,261 - ERROR - Error downloading pubmed25n0816.xml.gz: 
2025-04-18 20:52:21,261 - ERROR - Error downloading pubmed25n0818.xml.gz: 
2025-04-18 20:52:21,261 - ERROR - Error downloading pubmed25n0820.xml.gz: 
2025-04-18 20:52:21,261 - ERROR - Error downloading pubmed25n0819.xml.gz: 
2025-04-18 20:52:21,261 - ERROR - Error downloading pubmed25n0874.xml.gz: 
2025-04-18 20:52:21,261 - ERROR - Error downloading pubmed25n0822.xml.gz: 
2025-04-18 20:52:21,261 - ERROR - Error downloading pubmed25n0823.xml.gz: 
2025-04-18 20:52:21,261 - ERROR - Error downloading pubmed25n0824.xml.gz: 
2025-04-18 20:52:21,261 - ERROR - Error downloading pubmed25n0825.xml.gz: 
2025-04-18 20:52:21,261 - ERROR - Error downloading pubmed25n0826.xml.gz: 
2025-04-18 20:52:21,261 - ERROR - Error downloading pubmed25n0827.xml.gz: 
2025-04-18 20:52:21,261 - ERROR - Error downloading pubmed25n0828.xml.gz: 
2025-04-18 20:52:21,261 - ERROR - Error downloading pubmed25n0829.xml.gz: 
2025-04-18 20:52:21,261 - ERROR - Error downloading pubmed25n0830.xml.gz: 
2025-04-18 20:52:21,261 - ERROR - Error downloading pubmed25n0831.xml.gz: 
2025-04-18 20:52:21,261 - ERROR - Error downloading pubmed25n0832.xml.gz: 
2025-04-18 20:52:21,261 - ERROR - Error downloading pubmed25n0833.xml.gz: 
2025-04-18 20:52:21,261 - ERROR - Error downloading pubmed25n0834.xml.gz: 
2025-04-18 20:52:21,261 - ERROR - Error downloading pubmed25n0835.xml.gz: 
2025-04-18 20:52:21,261 - ERROR - Error downloading pubmed25n0836.xml.gz: 
2025-04-18 20:52:21,261 - ERROR - Error downloading pubmed25n0837.xml.gz: 
2025-04-18 20:52:21,261 - ERROR - Error downloading pubmed25n0838.xml.gz: 
2025-04-18 20:52:21,261 - ERROR - Error downloading pubmed25n0839.xml.gz: 
2025-04-18 20:52:21,261 - ERROR - Error downloading pubmed25n0840.xml.gz: 
2025-04-18 20:52:21,262 - ERROR - Error downloading pubmed25n0842.xml.gz: 
2025-04-18 20:52:21,262 - ERROR - Error downloading pubmed25n0841.xml.gz: 
2025-04-18 20:52:21,262 - ERROR - Error downloading pubmed25n0843.xml.gz: 
2025-04-18 20:52:21,262 - ERROR - Error downloading pubmed25n0844.xml.gz: 
2025-04-18 20:52:21,262 - ERROR - Error downloading pubmed25n0845.xml.gz: 
2025-04-18 20:52:21,262 - ERROR - Error downloading pubmed25n0846.xml.gz: 
2025-04-18 20:52:21,262 - ERROR - Error downloading pubmed25n0847.xml.gz: 
2025-04-18 20:52:21,262 - ERROR - Error downloading pubmed25n0848.xml.gz: 
2025-04-18 20:52:21,262 - ERROR - Error downloading pubmed25n0849.xml.gz: 
2025-04-18 20:52:21,262 - ERROR - Error downloading pubmed25n0850.xml.gz: 
2025-04-18 20:52:21,262 - ERROR - Error downloading pubmed25n0851.xml.gz: 
2025-04-18 20:52:21,262 - ERROR - Error downloading pubmed25n0852.xml.gz: 
2025-04-18 20:52:21,262 - ERROR - Error downloading pubmed25n0853.xml.gz: 
2025-04-18 20:52:21,262 - ERROR - Error downloading pubmed25n0854.xml.gz: 
2025-04-18 20:52:21,262 - ERROR - Error downloading pubmed25n0856.xml.gz: 
2025-04-18 20:52:21,262 - ERROR - Error downloading pubmed25n0855.xml.gz: 
2025-04-18 20:52:21,262 - ERROR - Error downloading pubmed25n0857.xml.gz: 
2025-04-18 20:52:21,262 - ERROR - Error downloading pubmed25n0858.xml.gz: 
2025-04-18 20:52:21,262 - ERROR - Error downloading pubmed25n0859.xml.gz: 
2025-04-18 20:52:21,262 - ERROR - Error downloading pubmed25n0860.xml.gz: 
2025-04-18 20:52:21,262 - ERROR - Error downloading pubmed25n0861.xml.gz: 
2025-04-18 20:52:21,262 - ERROR - Error downloading pubmed25n0862.xml.gz: 
2025-04-18 20:52:21,262 - ERROR - Error downloading pubmed25n0863.xml.gz: 
2025-04-18 20:52:21,262 - ERROR - Error downloading pubmed25n0864.xml.gz: 
2025-04-18 20:52:21,262 - ERROR - Error downloading pubmed25n0865.xml.gz: 
2025-04-18 20:52:21,262 - ERROR - Error downloading pubmed25n0867.xml.gz: 
2025-04-18 20:52:21,262 - ERROR - Error downloading pubmed25n0866.xml.gz: 
2025-04-18 20:52:21,262 - ERROR - Error downloading pubmed25n0868.xml.gz: 
2025-04-18 20:52:21,262 - ERROR - Error downloading pubmed25n0869.xml.gz: 
2025-04-18 20:52:21,262 - ERROR - Error downloading pubmed25n0871.xml.gz: 
2025-04-18 20:52:21,262 - ERROR - Error downloading pubmed25n0872.xml.gz: 
2025-04-18 20:52:21,262 - ERROR - Error downloading pubmed25n0870.xml.gz: 
2025-04-18 20:52:21,262 - ERROR - Error downloading pubmed25n0873.xml.gz: 
2025-04-18 20:52:21,262 - ERROR - Error downloading pubmed25n0927.xml.gz: 
2025-04-18 20:52:21,262 - ERROR - Error downloading pubmed25n0875.xml.gz: 
2025-04-18 20:52:21,262 - ERROR - Error downloading pubmed25n0876.xml.gz: 
2025-04-18 20:52:21,262 - ERROR - Error downloading pubmed25n0877.xml.gz: 
2025-04-18 20:52:21,262 - ERROR - Error downloading pubmed25n0878.xml.gz: 
2025-04-18 20:52:21,262 - ERROR - Error downloading pubmed25n0879.xml.gz: 
2025-04-18 20:52:21,262 - ERROR - Error downloading pubmed25n0881.xml.gz: 
2025-04-18 20:52:21,263 - ERROR - Error downloading pubmed25n0880.xml.gz: 
2025-04-18 20:52:21,263 - ERROR - Error downloading pubmed25n0882.xml.gz: 
2025-04-18 20:52:21,263 - ERROR - Error downloading pubmed25n0883.xml.gz: 
2025-04-18 20:52:21,263 - ERROR - Error downloading pubmed25n0884.xml.gz: 
2025-04-18 20:52:21,263 - ERROR - Error downloading pubmed25n0885.xml.gz: 
2025-04-18 20:52:21,263 - ERROR - Error downloading pubmed25n0886.xml.gz: 
2025-04-18 20:52:21,263 - ERROR - Error downloading pubmed25n0888.xml.gz: 
2025-04-18 20:52:21,263 - ERROR - Error downloading pubmed25n0887.xml.gz: 
2025-04-18 20:52:21,263 - ERROR - Error downloading pubmed25n0889.xml.gz: 
2025-04-18 20:52:21,263 - ERROR - Error downloading pubmed25n0890.xml.gz: 
2025-04-18 20:52:21,263 - ERROR - Error downloading pubmed25n0892.xml.gz: 
2025-04-18 20:52:21,263 - ERROR - Error downloading pubmed25n0893.xml.gz: 
2025-04-18 20:52:21,263 - ERROR - Error downloading pubmed25n0891.xml.gz: 
2025-04-18 20:52:21,263 - ERROR - Error downloading pubmed25n0894.xml.gz: 
2025-04-18 20:52:21,263 - ERROR - Error downloading pubmed25n0895.xml.gz: 
2025-04-18 20:52:21,263 - ERROR - Error downloading pubmed25n0896.xml.gz: 
2025-04-18 20:52:21,263 - ERROR - Error downloading pubmed25n0897.xml.gz: 
2025-04-18 20:52:21,263 - ERROR - Error downloading pubmed25n0898.xml.gz: 
2025-04-18 20:52:21,263 - ERROR - Error downloading pubmed25n0899.xml.gz: 
2025-04-18 20:52:21,263 - ERROR - Error downloading pubmed25n0900.xml.gz: 
2025-04-18 20:52:21,263 - ERROR - Error downloading pubmed25n0901.xml.gz: 
2025-04-18 20:52:21,263 - ERROR - Error downloading pubmed25n0902.xml.gz: 
2025-04-18 20:52:21,263 - ERROR - Error downloading pubmed25n0903.xml.gz: 
2025-04-18 20:52:21,263 - ERROR - Error downloading pubmed25n0904.xml.gz: 
2025-04-18 20:52:21,263 - ERROR - Error downloading pubmed25n0905.xml.gz: 
2025-04-18 20:52:21,263 - ERROR - Error downloading pubmed25n0906.xml.gz: 
2025-04-18 20:52:21,263 - ERROR - Error downloading pubmed25n0907.xml.gz: 
2025-04-18 20:52:21,263 - ERROR - Error downloading pubmed25n0908.xml.gz: 
2025-04-18 20:52:21,263 - ERROR - Error downloading pubmed25n0909.xml.gz: 
2025-04-18 20:52:21,263 - ERROR - Error downloading pubmed25n0910.xml.gz: 
2025-04-18 20:52:21,263 - ERROR - Error downloading pubmed25n0911.xml.gz: 
2025-04-18 20:52:21,263 - ERROR - Error downloading pubmed25n0912.xml.gz: 
2025-04-18 20:52:21,263 - ERROR - Error downloading pubmed25n0913.xml.gz: 
2025-04-18 20:52:21,263 - ERROR - Error downloading pubmed25n0914.xml.gz: 
2025-04-18 20:52:21,263 - ERROR - Error downloading pubmed25n0915.xml.gz: 
2025-04-18 20:52:21,263 - ERROR - Error downloading pubmed25n0916.xml.gz: 
2025-04-18 20:52:21,263 - ERROR - Error downloading pubmed25n0917.xml.gz: 
2025-04-18 20:52:21,263 - ERROR - Error downloading pubmed25n0919.xml.gz: 
2025-04-18 20:52:21,263 - ERROR - Error downloading pubmed25n0920.xml.gz: 
2025-04-18 20:52:21,263 - ERROR - Error downloading pubmed25n0918.xml.gz: 
2025-04-18 20:52:21,263 - ERROR - Error downloading pubmed25n0921.xml.gz: 
2025-04-18 20:52:21,264 - ERROR - Error downloading pubmed25n0922.xml.gz: 
2025-04-18 20:52:21,264 - ERROR - Error downloading pubmed25n0923.xml.gz: 
2025-04-18 20:52:21,264 - ERROR - Error downloading pubmed25n0924.xml.gz: 
2025-04-18 20:52:21,264 - ERROR - Error downloading pubmed25n0925.xml.gz: 
2025-04-18 20:52:21,264 - ERROR - Error downloading pubmed25n0926.xml.gz: 
2025-04-18 20:52:21,264 - ERROR - Error downloading pubmed25n0929.xml.gz: 
2025-04-18 20:52:21,264 - ERROR - Error downloading pubmed25n0930.xml.gz: 
2025-04-18 20:52:21,264 - ERROR - Error downloading pubmed25n0928.xml.gz: 
2025-04-18 20:52:21,264 - ERROR - Error downloading pubmed25n0931.xml.gz: 
2025-04-18 20:52:21,264 - ERROR - Error downloading pubmed25n0933.xml.gz: 
2025-04-18 20:52:21,264 - ERROR - Error downloading pubmed25n0934.xml.gz: 
2025-04-18 20:52:21,264 - ERROR - Error downloading pubmed25n0932.xml.gz: 
2025-04-18 20:52:21,264 - ERROR - Error downloading pubmed25n0935.xml.gz: 
2025-04-18 20:52:21,264 - ERROR - Error downloading pubmed25n0937.xml.gz: 
2025-04-18 20:52:21,264 - ERROR - Error downloading pubmed25n0938.xml.gz: 
2025-04-18 20:52:21,264 - ERROR - Error downloading pubmed25n0939.xml.gz: 
2025-04-18 20:52:21,264 - ERROR - Error downloading pubmed25n0936.xml.gz: 
2025-04-18 20:52:21,264 - ERROR - Error downloading pubmed25n0940.xml.gz: 
2025-04-18 20:52:21,264 - ERROR - Error downloading pubmed25n0941.xml.gz: 
2025-04-18 20:52:21,264 - ERROR - Error downloading pubmed25n0942.xml.gz: 
2025-04-18 20:52:21,264 - ERROR - Error downloading pubmed25n0943.xml.gz: 
2025-04-18 20:52:21,264 - ERROR - Error downloading pubmed25n0945.xml.gz: 
2025-04-18 20:52:21,264 - ERROR - Error downloading pubmed25n0944.xml.gz: 
2025-04-18 20:52:21,264 - ERROR - Error downloading pubmed25n0946.xml.gz: 
2025-04-18 20:52:21,264 - ERROR - Error downloading pubmed25n0947.xml.gz: 
2025-04-18 20:52:21,264 - ERROR - Error downloading pubmed25n0948.xml.gz: 
2025-04-18 20:52:21,264 - ERROR - Error downloading pubmed25n0949.xml.gz: 
2025-04-18 20:52:21,264 - ERROR - Error downloading pubmed25n0950.xml.gz: 
2025-04-18 20:52:21,264 - ERROR - Error downloading pubmed25n0951.xml.gz: 
2025-04-18 20:52:21,264 - ERROR - Error downloading pubmed25n0952.xml.gz: 
2025-04-18 20:52:21,264 - ERROR - Error downloading pubmed25n0953.xml.gz: 
2025-04-18 20:52:21,264 - ERROR - Error downloading pubmed25n0954.xml.gz: 
2025-04-18 20:52:21,264 - ERROR - Error downloading pubmed25n0955.xml.gz: 
2025-04-18 20:52:21,264 - ERROR - Error downloading pubmed25n0957.xml.gz: 
2025-04-18 20:52:21,264 - ERROR - Error downloading pubmed25n0956.xml.gz: 
2025-04-18 20:52:21,264 - ERROR - Error downloading pubmed25n0958.xml.gz: 
2025-04-18 20:52:21,264 - ERROR - Error downloading pubmed25n0959.xml.gz: 
2025-04-18 20:52:21,264 - ERROR - Error downloading pubmed25n0960.xml.gz: 
2025-04-18 20:52:21,264 - ERROR - Error downloading pubmed25n0961.xml.gz: 
2025-04-18 20:52:21,264 - ERROR - Error downloading pubmed25n0962.xml.gz: 
2025-04-18 20:52:21,264 - ERROR - Error downloading pubmed25n0963.xml.gz: 
2025-04-18 20:52:21,264 - ERROR - Error downloading pubmed25n0964.xml.gz: 
2025-04-18 20:52:21,264 - ERROR - Error downloading pubmed25n0965.xml.gz: 
2025-04-18 20:52:21,265 - ERROR - Error downloading pubmed25n0966.xml.gz: 
2025-04-18 20:52:21,265 - ERROR - Error downloading pubmed25n0968.xml.gz: 
2025-04-18 20:52:21,265 - ERROR - Error downloading pubmed25n0969.xml.gz: 
2025-04-18 20:52:21,265 - ERROR - Error downloading pubmed25n0967.xml.gz: 
2025-04-18 20:52:21,265 - ERROR - Error downloading pubmed25n0970.xml.gz: 
2025-04-18 20:52:21,265 - ERROR - Error downloading pubmed25n0971.xml.gz: 
2025-04-18 20:52:21,265 - ERROR - Error downloading pubmed25n0972.xml.gz: 
2025-04-18 20:52:21,265 - ERROR - Error downloading pubmed25n0973.xml.gz: 
2025-04-18 20:52:21,265 - ERROR - Error downloading pubmed25n0974.xml.gz: 
2025-04-18 20:52:21,265 - ERROR - Error downloading pubmed25n0975.xml.gz: 
2025-04-18 20:52:21,265 - ERROR - Error downloading pubmed25n0976.xml.gz: 
2025-04-18 20:52:21,265 - ERROR - Error downloading pubmed25n0977.xml.gz: 
2025-04-18 20:52:21,265 - ERROR - Error downloading pubmed25n0978.xml.gz: 
2025-04-18 20:52:21,265 - ERROR - Error downloading pubmed25n0979.xml.gz: 
2025-04-18 20:52:21,265 - ERROR - Error downloading pubmed25n0981.xml.gz: 
2025-04-18 20:52:21,265 - ERROR - Error downloading pubmed25n0980.xml.gz: 
2025-04-18 20:52:21,265 - ERROR - Error downloading pubmed25n0982.xml.gz: 
2025-04-18 20:52:21,265 - ERROR - Error downloading pubmed25n0983.xml.gz: 
2025-04-18 20:52:21,265 - ERROR - Error downloading pubmed25n0984.xml.gz: 
2025-04-18 20:52:21,265 - ERROR - Error downloading pubmed25n0986.xml.gz: 
2025-04-18 20:52:21,265 - ERROR - Error downloading pubmed25n0985.xml.gz: 
2025-04-18 20:52:21,265 - ERROR - Error downloading pubmed25n0987.xml.gz: 
2025-04-18 20:52:21,265 - ERROR - Error downloading pubmed25n0988.xml.gz: 
2025-04-18 20:52:21,265 - ERROR - Error downloading pubmed25n0989.xml.gz: 
2025-04-18 20:52:21,265 - ERROR - Error downloading pubmed25n0991.xml.gz: 
2025-04-18 20:52:21,265 - ERROR - Error downloading pubmed25n0990.xml.gz: 
2025-04-18 20:52:21,265 - ERROR - Error downloading pubmed25n0992.xml.gz: 
2025-04-18 20:52:21,265 - ERROR - Error downloading pubmed25n0993.xml.gz: 
2025-04-18 20:52:21,265 - ERROR - Error downloading pubmed25n0995.xml.gz: 
2025-04-18 20:52:21,265 - ERROR - Error downloading pubmed25n0994.xml.gz: 
2025-04-18 20:52:21,265 - ERROR - Error downloading pubmed25n0996.xml.gz: 
2025-04-18 20:52:21,265 - ERROR - Error downloading pubmed25n0997.xml.gz: 
2025-04-18 20:52:21,265 - ERROR - Error downloading pubmed25n0998.xml.gz: 
2025-04-18 20:52:21,265 - ERROR - Error downloading pubmed25n0999.xml.gz: 
2025-04-18 20:52:21,265 - ERROR - Error downloading pubmed25n1000.xml.gz: 
2025-04-18 20:52:21,265 - ERROR - Error downloading pubmed25n1001.xml.gz: 
2025-04-18 20:52:21,265 - ERROR - Error downloading pubmed25n1002.xml.gz: 
2025-04-18 20:52:21,265 - ERROR - Error downloading pubmed25n1003.xml.gz: 
2025-04-18 20:52:21,265 - ERROR - Error downloading pubmed25n1004.xml.gz: 
2025-04-18 20:52:21,265 - ERROR - Error downloading pubmed25n1005.xml.gz: 
2025-04-18 20:52:21,266 - ERROR - Error downloading pubmed25n1006.xml.gz: 
2025-04-18 20:52:21,266 - ERROR - Error downloading pubmed25n1007.xml.gz: 
2025-04-18 20:52:21,266 - ERROR - Error downloading pubmed25n1008.xml.gz: 
2025-04-18 20:52:21,266 - ERROR - Error downloading pubmed25n1009.xml.gz: 
2025-04-18 20:52:21,266 - ERROR - Error downloading pubmed25n1010.xml.gz: 
2025-04-18 20:52:21,266 - ERROR - Error downloading pubmed25n1011.xml.gz: 
2025-04-18 20:52:21,266 - ERROR - Error downloading pubmed25n1012.xml.gz: 
2025-04-18 20:52:21,266 - ERROR - Error downloading pubmed25n1013.xml.gz: 
2025-04-18 20:52:21,266 - ERROR - Error downloading pubmed25n1014.xml.gz: 
2025-04-18 20:52:21,266 - ERROR - Error downloading pubmed25n1016.xml.gz: 
2025-04-18 20:52:21,266 - ERROR - Error downloading pubmed25n1015.xml.gz: 
2025-04-18 20:52:21,266 - ERROR - Error downloading pubmed25n1017.xml.gz: 
2025-04-18 20:52:21,266 - ERROR - Error downloading pubmed25n1019.xml.gz: 
2025-04-18 20:52:21,266 - ERROR - Error downloading pubmed25n1020.xml.gz: 
2025-04-18 20:52:21,266 - ERROR - Error downloading pubmed25n1018.xml.gz: 
2025-04-18 20:52:21,266 - ERROR - Error downloading pubmed25n1021.xml.gz: 
2025-04-18 20:52:21,266 - ERROR - Error downloading pubmed25n1023.xml.gz: 
2025-04-18 20:52:21,266 - ERROR - Error downloading pubmed25n1022.xml.gz: 
2025-04-18 20:52:21,266 - ERROR - Error downloading pubmed25n1024.xml.gz: 
2025-04-18 20:52:21,266 - ERROR - Error downloading pubmed25n1026.xml.gz: 
2025-04-18 20:52:21,266 - ERROR - Error downloading pubmed25n1025.xml.gz: 
2025-04-18 20:52:21,266 - ERROR - Error downloading pubmed25n1027.xml.gz: 
2025-04-18 20:52:21,266 - ERROR - Error downloading pubmed25n1028.xml.gz: 
2025-04-18 20:52:21,266 - ERROR - Error downloading pubmed25n1029.xml.gz: 
2025-04-18 20:52:21,266 - ERROR - Error downloading pubmed25n1030.xml.gz: 
2025-04-18 20:52:21,266 - ERROR - Error downloading pubmed25n1031.xml.gz: 
2025-04-18 20:52:21,266 - ERROR - Error downloading pubmed25n1032.xml.gz: 
2025-04-18 20:52:21,266 - ERROR - Error downloading pubmed25n1033.xml.gz: 
2025-04-18 20:52:21,266 - ERROR - Error downloading pubmed25n1086.xml.gz: 
2025-04-18 20:52:21,266 - ERROR - Error downloading pubmed25n1034.xml.gz: 
2025-04-18 20:52:21,266 - ERROR - Error downloading pubmed25n1035.xml.gz: 
2025-04-18 20:52:21,266 - ERROR - Error downloading pubmed25n1036.xml.gz: 
2025-04-18 20:52:21,266 - ERROR - Error downloading pubmed25n1037.xml.gz: 
2025-04-18 20:52:21,266 - ERROR - Error downloading pubmed25n1038.xml.gz: 
2025-04-18 20:52:21,266 - ERROR - Error downloading pubmed25n1039.xml.gz: 
2025-04-18 20:52:21,266 - ERROR - Error downloading pubmed25n1040.xml.gz: 
2025-04-18 20:52:21,266 - ERROR - Error downloading pubmed25n1041.xml.gz: 
2025-04-18 20:52:21,266 - ERROR - Error downloading pubmed25n1042.xml.gz: 
2025-04-18 20:52:21,266 - ERROR - Error downloading pubmed25n1043.xml.gz: 
2025-04-18 20:52:21,266 - ERROR - Error downloading pubmed25n1044.xml.gz: 
2025-04-18 20:52:21,266 - ERROR - Error downloading pubmed25n1045.xml.gz: 
2025-04-18 20:52:21,266 - ERROR - Error downloading pubmed25n1046.xml.gz: 
2025-04-18 20:52:21,267 - ERROR - Error downloading pubmed25n1047.xml.gz: 
2025-04-18 20:52:21,267 - ERROR - Error downloading pubmed25n1048.xml.gz: 
2025-04-18 20:52:21,267 - ERROR - Error downloading pubmed25n1049.xml.gz: 
2025-04-18 20:52:21,267 - ERROR - Error downloading pubmed25n1050.xml.gz: 
2025-04-18 20:52:21,267 - ERROR - Error downloading pubmed25n1052.xml.gz: 
2025-04-18 20:52:21,267 - ERROR - Error downloading pubmed25n1051.xml.gz: 
2025-04-18 20:52:21,267 - ERROR - Error downloading pubmed25n1053.xml.gz: 
2025-04-18 20:52:21,267 - ERROR - Error downloading pubmed25n1054.xml.gz: 
2025-04-18 20:52:21,267 - ERROR - Error downloading pubmed25n1055.xml.gz: 
2025-04-18 20:52:21,267 - ERROR - Error downloading pubmed25n1056.xml.gz: 
2025-04-18 20:52:21,267 - ERROR - Error downloading pubmed25n1057.xml.gz: 
2025-04-18 20:52:21,267 - ERROR - Error downloading pubmed25n1058.xml.gz: 
2025-04-18 20:52:21,267 - ERROR - Error downloading pubmed25n1059.xml.gz: 
2025-04-18 20:52:21,267 - ERROR - Error downloading pubmed25n1060.xml.gz: 
2025-04-18 20:52:21,267 - ERROR - Error downloading pubmed25n1061.xml.gz: 
2025-04-18 20:52:21,267 - ERROR - Error downloading pubmed25n1062.xml.gz: 
2025-04-18 20:52:21,267 - ERROR - Error downloading pubmed25n1063.xml.gz: 
2025-04-18 20:52:21,267 - ERROR - Error downloading pubmed25n1064.xml.gz: 
2025-04-18 20:52:21,267 - ERROR - Error downloading pubmed25n1065.xml.gz: 
2025-04-18 20:52:21,267 - ERROR - Error downloading pubmed25n1066.xml.gz: 
2025-04-18 20:52:21,267 - ERROR - Error downloading pubmed25n1067.xml.gz: 
2025-04-18 20:52:21,267 - ERROR - Error downloading pubmed25n1068.xml.gz: 
2025-04-18 20:52:21,267 - ERROR - Error downloading pubmed25n1069.xml.gz: 
2025-04-18 20:52:21,267 - ERROR - Error downloading pubmed25n1072.xml.gz: 
2025-04-18 20:52:21,267 - ERROR - Error downloading pubmed25n1070.xml.gz: 
2025-04-18 20:52:21,267 - ERROR - Error downloading pubmed25n1071.xml.gz: 
2025-04-18 20:52:21,267 - ERROR - Error downloading pubmed25n1073.xml.gz: 
2025-04-18 20:52:21,267 - ERROR - Error downloading pubmed25n1075.xml.gz: 
2025-04-18 20:52:21,267 - ERROR - Error downloading pubmed25n1074.xml.gz: 
2025-04-18 20:52:21,267 - ERROR - Error downloading pubmed25n1076.xml.gz: 
2025-04-18 20:52:21,267 - ERROR - Error downloading pubmed25n1077.xml.gz: 
2025-04-18 20:52:21,267 - ERROR - Error downloading pubmed25n1078.xml.gz: 
2025-04-18 20:52:21,267 - ERROR - Error downloading pubmed25n1079.xml.gz: 
2025-04-18 20:52:21,267 - ERROR - Error downloading pubmed25n1080.xml.gz: 
2025-04-18 20:52:21,267 - ERROR - Error downloading pubmed25n1081.xml.gz: 
2025-04-18 20:52:21,267 - ERROR - Error downloading pubmed25n1082.xml.gz: 
2025-04-18 20:52:21,267 - ERROR - Error downloading pubmed25n1084.xml.gz: 
2025-04-18 20:52:21,267 - ERROR - Error downloading pubmed25n1083.xml.gz: 
2025-04-18 20:52:21,267 - ERROR - Error downloading pubmed25n1085.xml.gz: 
2025-04-18 20:52:21,267 - ERROR - Error downloading pubmed25n1139.xml.gz: 
2025-04-18 20:52:21,267 - ERROR - Error downloading pubmed25n1087.xml.gz: 
2025-04-18 20:52:21,267 - ERROR - Error downloading pubmed25n1088.xml.gz: 
2025-04-18 20:52:21,268 - ERROR - Error downloading pubmed25n1089.xml.gz: 
2025-04-18 20:52:21,268 - ERROR - Error downloading pubmed25n1090.xml.gz: 
2025-04-18 20:52:21,268 - ERROR - Error downloading pubmed25n1092.xml.gz: 
2025-04-18 20:52:21,268 - ERROR - Error downloading pubmed25n1091.xml.gz: 
2025-04-18 20:52:21,268 - ERROR - Error downloading pubmed25n1093.xml.gz: 
2025-04-18 20:52:21,268 - ERROR - Error downloading pubmed25n1094.xml.gz: 
2025-04-18 20:52:21,268 - ERROR - Error downloading pubmed25n1095.xml.gz: 
2025-04-18 20:52:21,268 - ERROR - Error downloading pubmed25n1097.xml.gz: 
2025-04-18 20:52:21,268 - ERROR - Error downloading pubmed25n1096.xml.gz: 
2025-04-18 20:52:21,268 - ERROR - Error downloading pubmed25n1098.xml.gz: 
2025-04-18 20:52:21,268 - ERROR - Error downloading pubmed25n1099.xml.gz: 
2025-04-18 20:52:21,268 - ERROR - Error downloading pubmed25n1100.xml.gz: 
2025-04-18 20:52:21,268 - ERROR - Error downloading pubmed25n1101.xml.gz: 
2025-04-18 20:52:21,268 - ERROR - Error downloading pubmed25n1102.xml.gz: 
2025-04-18 20:52:21,268 - ERROR - Error downloading pubmed25n1103.xml.gz: 
2025-04-18 20:52:21,268 - ERROR - Error downloading pubmed25n1105.xml.gz: 
2025-04-18 20:52:21,268 - ERROR - Error downloading pubmed25n1104.xml.gz: 
2025-04-18 20:52:21,268 - ERROR - Error downloading pubmed25n1106.xml.gz: 
2025-04-18 20:52:21,268 - ERROR - Error downloading pubmed25n1107.xml.gz: 
2025-04-18 20:52:21,268 - ERROR - Error downloading pubmed25n1108.xml.gz: 
2025-04-18 20:52:21,268 - ERROR - Error downloading pubmed25n1109.xml.gz: 
2025-04-18 20:52:21,268 - ERROR - Error downloading pubmed25n1110.xml.gz: 
2025-04-18 20:52:21,268 - ERROR - Error downloading pubmed25n1111.xml.gz: 
2025-04-18 20:52:21,268 - ERROR - Error downloading pubmed25n1113.xml.gz: 
2025-04-18 20:52:21,268 - ERROR - Error downloading pubmed25n1112.xml.gz: 
2025-04-18 20:52:21,268 - ERROR - Error downloading pubmed25n1114.xml.gz: 
2025-04-18 20:52:21,268 - ERROR - Error downloading pubmed25n1115.xml.gz: 
2025-04-18 20:52:21,268 - ERROR - Error downloading pubmed25n1116.xml.gz: 
2025-04-18 20:52:21,268 - ERROR - Error downloading pubmed25n1117.xml.gz: 
2025-04-18 20:52:21,268 - ERROR - Error downloading pubmed25n1118.xml.gz: 
2025-04-18 20:52:21,268 - ERROR - Error downloading pubmed25n1119.xml.gz: 
2025-04-18 20:52:21,268 - ERROR - Error downloading pubmed25n1120.xml.gz: 
2025-04-18 20:52:21,268 - ERROR - Error downloading pubmed25n1121.xml.gz: 
2025-04-18 20:52:21,268 - ERROR - Error downloading pubmed25n1122.xml.gz: 
2025-04-18 20:52:21,268 - ERROR - Error downloading pubmed25n1123.xml.gz: 
2025-04-18 20:52:21,268 - ERROR - Error downloading pubmed25n1124.xml.gz: 
2025-04-18 20:52:21,268 - ERROR - Error downloading pubmed25n1125.xml.gz: 
2025-04-18 20:52:21,268 - ERROR - Error downloading pubmed25n1126.xml.gz: 
2025-04-18 20:52:21,268 - ERROR - Error downloading pubmed25n1127.xml.gz: 
2025-04-18 20:52:21,268 - ERROR - Error downloading pubmed25n1128.xml.gz: 
2025-04-18 20:52:21,268 - ERROR - Error downloading pubmed25n1129.xml.gz: 
2025-04-18 20:52:21,269 - ERROR - Error downloading pubmed25n1130.xml.gz: 
2025-04-18 20:52:21,269 - ERROR - Error downloading pubmed25n1131.xml.gz: 
2025-04-18 20:52:21,269 - ERROR - Error downloading pubmed25n1132.xml.gz: 
2025-04-18 20:52:21,269 - ERROR - Error downloading pubmed25n1133.xml.gz: 
2025-04-18 20:52:21,269 - ERROR - Error downloading pubmed25n1134.xml.gz: 
2025-04-18 20:52:21,269 - ERROR - Error downloading pubmed25n1135.xml.gz: 
2025-04-18 20:52:21,269 - ERROR - Error downloading pubmed25n1136.xml.gz: 
2025-04-18 20:52:21,269 - ERROR - Error downloading pubmed25n1137.xml.gz: 
2025-04-18 20:52:21,269 - ERROR - Error downloading pubmed25n1138.xml.gz: 
2025-04-18 20:52:21,269 - ERROR - Error downloading pubmed25n1192.xml.gz: 
2025-04-18 20:52:21,269 - ERROR - Error downloading pubmed25n1140.xml.gz: 
2025-04-18 20:52:21,269 - ERROR - Error downloading pubmed25n1141.xml.gz: 
2025-04-18 20:52:21,269 - ERROR - Error downloading pubmed25n1142.xml.gz: 
2025-04-18 20:52:21,269 - ERROR - Error downloading pubmed25n1143.xml.gz: 
2025-04-18 20:52:21,269 - ERROR - Error downloading pubmed25n1144.xml.gz: 
2025-04-18 20:52:21,269 - ERROR - Error downloading pubmed25n1146.xml.gz: 
2025-04-18 20:52:21,269 - ERROR - Error downloading pubmed25n1148.xml.gz: 
2025-04-18 20:52:21,269 - ERROR - Error downloading pubmed25n1145.xml.gz: 
2025-04-18 20:52:21,269 - ERROR - Error downloading pubmed25n1147.xml.gz: 
2025-04-18 20:52:21,269 - ERROR - Error downloading pubmed25n1149.xml.gz: 
2025-04-18 20:52:21,269 - ERROR - Error downloading pubmed25n1151.xml.gz: 
2025-04-18 20:52:21,269 - ERROR - Error downloading pubmed25n1150.xml.gz: 
2025-04-18 20:52:21,269 - ERROR - Error downloading pubmed25n1152.xml.gz: 
2025-04-18 20:52:21,269 - ERROR - Error downloading pubmed25n1153.xml.gz: 
2025-04-18 20:52:21,269 - ERROR - Error downloading pubmed25n1154.xml.gz: 
2025-04-18 20:52:21,269 - ERROR - Error downloading pubmed25n1155.xml.gz: 
2025-04-18 20:52:21,269 - ERROR - Error downloading pubmed25n1156.xml.gz: 
2025-04-18 20:52:21,269 - ERROR - Error downloading pubmed25n1158.xml.gz: 
2025-04-18 20:52:21,269 - ERROR - Error downloading pubmed25n1157.xml.gz: 
2025-04-18 20:52:21,269 - ERROR - Error downloading pubmed25n1159.xml.gz: 
2025-04-18 20:52:21,269 - ERROR - Error downloading pubmed25n1160.xml.gz: 
2025-04-18 20:52:21,269 - ERROR - Error downloading pubmed25n1162.xml.gz: 
2025-04-18 20:52:21,269 - ERROR - Error downloading pubmed25n1161.xml.gz: 
2025-04-18 20:52:21,269 - ERROR - Error downloading pubmed25n1163.xml.gz: 
2025-04-18 20:52:21,269 - ERROR - Error downloading pubmed25n1164.xml.gz: 
2025-04-18 20:52:21,269 - ERROR - Error downloading pubmed25n1166.xml.gz: 
2025-04-18 20:52:21,269 - ERROR - Error downloading pubmed25n1165.xml.gz: 
2025-04-18 20:52:21,269 - ERROR - Error downloading pubmed25n1168.xml.gz: 
2025-04-18 20:52:21,269 - ERROR - Error downloading pubmed25n1167.xml.gz: 
2025-04-18 20:52:21,269 - ERROR - Error downloading pubmed25n1169.xml.gz: 
2025-04-18 20:52:21,269 - ERROR - Error downloading pubmed25n1170.xml.gz: 
2025-04-18 20:52:21,269 - ERROR - Error downloading pubmed25n1172.xml.gz: 
2025-04-18 20:52:21,270 - ERROR - Error downloading pubmed25n1171.xml.gz: 
2025-04-18 20:52:21,270 - ERROR - Error downloading pubmed25n1173.xml.gz: 
2025-04-18 20:52:21,270 - ERROR - Error downloading pubmed25n1174.xml.gz: 
2025-04-18 20:52:21,270 - ERROR - Error downloading pubmed25n1175.xml.gz: 
2025-04-18 20:52:21,270 - ERROR - Error downloading pubmed25n1176.xml.gz: 
2025-04-18 20:52:21,270 - ERROR - Error downloading pubmed25n1177.xml.gz: 
2025-04-18 20:52:21,270 - ERROR - Error downloading pubmed25n1178.xml.gz: 
2025-04-18 20:52:21,270 - ERROR - Error downloading pubmed25n1179.xml.gz: 
2025-04-18 20:52:21,270 - ERROR - Error downloading pubmed25n1180.xml.gz: 
2025-04-18 20:52:21,270 - ERROR - Error downloading pubmed25n1181.xml.gz: 
2025-04-18 20:52:21,270 - ERROR - Error downloading pubmed25n1182.xml.gz: 
2025-04-18 20:52:21,270 - ERROR - Error downloading pubmed25n1183.xml.gz: 
2025-04-18 20:52:21,270 - ERROR - Error downloading pubmed25n1184.xml.gz: 
2025-04-18 20:52:21,270 - ERROR - Error downloading pubmed25n1185.xml.gz: 
2025-04-18 20:52:21,270 - ERROR - Error downloading pubmed25n1186.xml.gz: 
2025-04-18 20:52:21,270 - ERROR - Error downloading pubmed25n1187.xml.gz: 
2025-04-18 20:52:21,270 - ERROR - Error downloading pubmed25n1188.xml.gz: 
2025-04-18 20:52:21,270 - ERROR - Error downloading pubmed25n1189.xml.gz: 
2025-04-18 20:52:21,270 - ERROR - Error downloading pubmed25n1190.xml.gz: 
2025-04-18 20:52:21,270 - ERROR - Error downloading pubmed25n1191.xml.gz: 
2025-04-18 20:52:21,270 - ERROR - Error downloading pubmed25n1244.xml.gz: 
2025-04-18 20:52:21,270 - ERROR - Error downloading pubmed25n1193.xml.gz: 
2025-04-18 20:52:21,270 - ERROR - Error downloading pubmed25n1194.xml.gz: 
2025-04-18 20:52:21,270 - ERROR - Error downloading pubmed25n1195.xml.gz: 
2025-04-18 20:52:21,270 - ERROR - Error downloading pubmed25n1196.xml.gz: 
2025-04-18 20:52:21,270 - ERROR - Error downloading pubmed25n1197.xml.gz: 
2025-04-18 20:52:21,270 - ERROR - Error downloading pubmed25n1198.xml.gz: 
2025-04-18 20:52:21,270 - ERROR - Error downloading pubmed25n1200.xml.gz: 
2025-04-18 20:52:21,270 - ERROR - Error downloading pubmed25n1199.xml.gz: 
2025-04-18 20:52:21,270 - ERROR - Error downloading pubmed25n1201.xml.gz: 
2025-04-18 20:52:21,270 - ERROR - Error downloading pubmed25n1202.xml.gz: 
2025-04-18 20:52:21,270 - ERROR - Error downloading pubmed25n1203.xml.gz: 
2025-04-18 20:52:21,270 - ERROR - Error downloading pubmed25n1204.xml.gz: 
2025-04-18 20:52:21,270 - ERROR - Error downloading pubmed25n1205.xml.gz: 
2025-04-18 20:52:21,270 - ERROR - Error downloading pubmed25n1206.xml.gz: 
2025-04-18 20:52:21,270 - ERROR - Error downloading pubmed25n1207.xml.gz: 
2025-04-18 20:52:21,270 - ERROR - Error downloading pubmed25n1208.xml.gz: 
2025-04-18 20:52:21,270 - ERROR - Error downloading pubmed25n1209.xml.gz: 
2025-04-18 20:52:21,270 - ERROR - Error downloading pubmed25n1210.xml.gz: 
2025-04-18 20:52:21,270 - ERROR - Error downloading pubmed25n1211.xml.gz: 
2025-04-18 20:52:21,270 - ERROR - Error downloading pubmed25n1212.xml.gz: 
2025-04-18 20:52:21,270 - ERROR - Error downloading pubmed25n1213.xml.gz: 
2025-04-18 20:52:21,271 - ERROR - Error downloading pubmed25n1214.xml.gz: 
2025-04-18 20:52:21,271 - ERROR - Error downloading pubmed25n1215.xml.gz: 
2025-04-18 20:52:21,271 - ERROR - Error downloading pubmed25n1216.xml.gz: 
2025-04-18 20:52:21,271 - ERROR - Error downloading pubmed25n1217.xml.gz: 
2025-04-18 20:52:21,271 - ERROR - Error downloading pubmed25n1218.xml.gz: 
2025-04-18 20:52:21,271 - ERROR - Error downloading pubmed25n1219.xml.gz: 
2025-04-18 20:52:21,271 - ERROR - Error downloading pubmed25n1220.xml.gz: 
2025-04-18 20:52:21,271 - ERROR - Error downloading pubmed25n1221.xml.gz: 
2025-04-18 20:52:21,271 - ERROR - Error downloading pubmed25n1222.xml.gz: 
2025-04-18 20:52:21,271 - ERROR - Error downloading pubmed25n1223.xml.gz: 
2025-04-18 20:52:21,271 - ERROR - Error downloading pubmed25n1224.xml.gz: 
2025-04-18 20:52:21,271 - ERROR - Error downloading pubmed25n1225.xml.gz: 
2025-04-18 20:52:21,271 - ERROR - Error downloading pubmed25n1226.xml.gz: 
2025-04-18 20:52:21,271 - ERROR - Error downloading pubmed25n1227.xml.gz: 
2025-04-18 20:52:21,271 - ERROR - Error downloading pubmed25n1228.xml.gz: 
2025-04-18 20:52:21,271 - ERROR - Error downloading pubmed25n1230.xml.gz: 
2025-04-18 20:52:21,271 - ERROR - Error downloading pubmed25n1229.xml.gz: 
2025-04-18 20:52:21,271 - ERROR - Error downloading pubmed25n1231.xml.gz: 
2025-04-18 20:52:21,271 - ERROR - Error downloading pubmed25n1232.xml.gz: 
2025-04-18 20:52:21,271 - ERROR - Error downloading pubmed25n1234.xml.gz: 
2025-04-18 20:52:21,271 - ERROR - Error downloading pubmed25n1233.xml.gz: 
2025-04-18 20:52:21,271 - ERROR - Error downloading pubmed25n1235.xml.gz: 
2025-04-18 20:52:21,271 - ERROR - Error downloading pubmed25n1236.xml.gz: 
2025-04-18 20:52:21,271 - ERROR - Error downloading pubmed25n1237.xml.gz: 
2025-04-18 20:52:21,271 - ERROR - Error downloading pubmed25n1238.xml.gz: 
2025-04-18 20:52:21,271 - ERROR - Error downloading pubmed25n1239.xml.gz: 
2025-04-18 20:52:21,271 - ERROR - Error downloading pubmed25n1240.xml.gz: 
2025-04-18 20:52:21,271 - ERROR - Error downloading pubmed25n1242.xml.gz: 
2025-04-18 20:52:21,271 - ERROR - Error downloading pubmed25n1241.xml.gz: 
2025-04-18 20:52:21,271 - ERROR - Error downloading pubmed25n1243.xml.gz: 
2025-04-18 20:52:21,271 - ERROR - Error downloading pubmed25n1245.xml.gz: 
2025-04-18 20:52:21,271 - ERROR - Error downloading pubmed25n1246.xml.gz: 
2025-04-18 20:52:21,271 - ERROR - Error downloading pubmed25n1247.xml.gz: 
2025-04-18 20:52:21,271 - ERROR - Error downloading pubmed25n1248.xml.gz: 
2025-04-18 20:52:21,271 - ERROR - Error downloading pubmed25n1249.xml.gz: 
2025-04-18 20:52:21,271 - ERROR - Error downloading pubmed25n1250.xml.gz: 
2025-04-18 20:52:21,271 - ERROR - Error downloading pubmed25n1251.xml.gz: 
2025-04-18 20:52:21,271 - ERROR - Error downloading pubmed25n1252.xml.gz: 
2025-04-18 20:52:21,271 - ERROR - Error downloading pubmed25n1253.xml.gz: 
2025-04-18 20:52:21,271 - ERROR - Error downloading pubmed25n1254.xml.gz: 
2025-04-18 20:52:21,271 - ERROR - Error downloading pubmed25n1255.xml.gz: 
2025-04-18 20:52:21,272 - ERROR - Error downloading pubmed25n1256.xml.gz: 
2025-04-18 20:52:21,272 - ERROR - Error downloading pubmed25n1257.xml.gz: 
2025-04-18 20:52:21,272 - ERROR - Error downloading pubmed25n1258.xml.gz: 
2025-04-18 20:52:21,272 - ERROR - Error downloading pubmed25n1259.xml.gz: 
2025-04-18 20:52:21,272 - ERROR - Error downloading pubmed25n1260.xml.gz: 
2025-04-18 20:52:21,272 - ERROR - Error downloading pubmed25n1261.xml.gz: 
2025-04-18 20:52:21,272 - ERROR - Error downloading pubmed25n1262.xml.gz: 
2025-04-18 20:52:21,272 - ERROR - Error downloading pubmed25n1263.xml.gz: 
2025-04-18 20:52:21,272 - ERROR - Error downloading pubmed25n1265.xml.gz: 
2025-04-18 20:52:21,272 - ERROR - Error downloading pubmed25n1264.xml.gz: 
2025-04-18 20:52:21,272 - ERROR - Error downloading pubmed25n1266.xml.gz: 
2025-04-18 20:52:21,272 - ERROR - Error downloading pubmed25n1267.xml.gz: 
2025-04-18 20:52:21,272 - ERROR - Error downloading pubmed25n1268.xml.gz: 
2025-04-18 20:52:21,272 - ERROR - Error downloading pubmed25n1269.xml.gz: 
2025-04-18 20:52:21,272 - ERROR - Error downloading pubmed25n1270.xml.gz: 
2025-04-18 20:52:21,272 - ERROR - Error downloading pubmed25n1274.xml.gz: 
2025-04-18 20:52:21,272 - ERROR - Error downloading pubmed25n1271.xml.gz: 
2025-04-18 20:52:21,272 - ERROR - Error downloading pubmed25n1272.xml.gz: 
2025-04-18 20:52:21,272 - ERROR - Error downloading pubmed25n1273.xml.gz: 
2025-04-18 20:52:21,272 - ERROR - Error downloading PubMed baseline: 
2025-04-18 21:10:17,544 - INFO - Using directory: /Users/hherb/knowledgebase/pubmed_data
2025-04-18 21:10:17,544 - INFO - Directory already exists: /Users/hherb/knowledgebase/pubmed_data
2025-04-18 21:10:17,544 - INFO - Baseline directory already exists: /Users/hherb/knowledgebase/pubmed_data/baseline
2025-04-18 21:10:17,545 - INFO - Starting PubMed baseline download to /Users/hherb/knowledgebase/pubmed_data/baseline
2025-04-18 21:10:22,432 - INFO - Found 1274 PubMed baseline files to download
2025-04-18 21:10:22,976 - INFO - Skipped existing complete file pubmed25n0001.xml.gz (1/1274)
2025-04-18 21:10:23,520 - INFO - Skipped existing complete file pubmed25n0002.xml.gz (2/1274)
2025-04-18 21:10:24,066 - INFO - Skipped existing complete file pubmed25n0003.xml.gz (3/1274)
2025-04-18 21:10:24,610 - INFO - Skipped existing complete file pubmed25n0004.xml.gz (4/1274)
2025-04-18 21:10:25,153 - INFO - Skipped existing complete file pubmed25n0005.xml.gz (5/1274)
2025-04-18 21:10:25,719 - INFO - Skipped existing complete file pubmed25n0006.xml.gz (6/1274)
2025-04-18 21:10:26,263 - INFO - Skipped existing complete file pubmed25n0007.xml.gz (7/1274)
2025-04-18 21:10:26,806 - INFO - Skipped existing complete file pubmed25n0008.xml.gz (8/1274)
2025-04-18 21:10:27,349 - INFO - Skipped existing complete file pubmed25n0009.xml.gz (9/1274)
2025-04-18 21:10:27,968 - INFO - Skipped existing complete file pubmed25n0010.xml.gz (10/1274)
2025-04-18 21:10:28,512 - INFO - Skipped existing complete file pubmed25n0011.xml.gz (11/1274)
2025-04-18 21:10:29,056 - INFO - Skipped existing complete file pubmed25n0012.xml.gz (12/1274)
2025-04-18 21:10:29,599 - INFO - Skipped existing complete file pubmed25n0013.xml.gz (13/1274)
2025-04-18 21:10:30,150 - INFO - Skipped existing complete file pubmed25n0014.xml.gz (14/1274)
2025-04-18 21:10:30,695 - INFO - Skipped existing complete file pubmed25n0015.xml.gz (15/1274)
2025-04-18 21:10:31,239 - INFO - Skipped existing complete file pubmed25n0016.xml.gz (16/1274)
2025-04-18 21:10:31,782 - INFO - Skipped existing complete file pubmed25n0017.xml.gz (17/1274)
2025-04-18 21:10:32,326 - INFO - Skipped existing complete file pubmed25n0018.xml.gz (18/1274)
2025-04-18 21:10:32,887 - INFO - Skipped existing complete file pubmed25n0019.xml.gz (19/1274)
2025-04-18 21:10:33,431 - INFO - Skipped existing complete file pubmed25n0020.xml.gz (20/1274)
2025-04-18 21:10:33,974 - INFO - Skipped existing complete file pubmed25n0021.xml.gz (21/1274)
2025-04-18 21:10:34,518 - INFO - Skipped existing complete file pubmed25n0022.xml.gz (22/1274)
2025-04-18 21:10:35,063 - INFO - Skipped existing complete file pubmed25n0023.xml.gz (23/1274)
2025-04-18 21:10:35,613 - INFO - Skipped existing complete file pubmed25n0024.xml.gz (24/1274)
2025-04-18 21:10:36,170 - INFO - Skipped existing complete file pubmed25n0025.xml.gz (25/1274)
2025-04-18 21:10:36,712 - INFO - Skipped existing complete file pubmed25n0026.xml.gz (26/1274)
2025-04-18 21:10:37,264 - INFO - Skipped existing complete file pubmed25n0027.xml.gz (27/1274)
2025-04-18 21:10:37,808 - INFO - Skipped existing complete file pubmed25n0028.xml.gz (28/1274)
2025-04-18 21:10:38,351 - INFO - Skipped existing complete file pubmed25n0029.xml.gz (29/1274)
2025-04-18 21:10:38,895 - INFO - Skipped existing complete file pubmed25n0030.xml.gz (30/1274)
2025-04-18 21:10:39,439 - INFO - Skipped existing complete file pubmed25n0031.xml.gz (31/1274)
2025-04-18 21:10:39,981 - INFO - Skipped existing complete file pubmed25n0032.xml.gz (32/1274)
2025-04-18 21:10:40,526 - INFO - Skipped existing complete file pubmed25n0033.xml.gz (33/1274)
2025-04-18 21:10:41,069 - INFO - Skipped existing complete file pubmed25n0034.xml.gz (34/1274)
2025-04-18 21:10:41,613 - INFO - Skipped existing complete file pubmed25n0035.xml.gz (35/1274)
2025-04-18 21:10:42,156 - INFO - Skipped existing complete file pubmed25n0036.xml.gz (36/1274)
2025-04-18 21:10:42,700 - INFO - Skipped existing complete file pubmed25n0037.xml.gz (37/1274)
2025-04-18 21:10:43,243 - INFO - Skipped existing complete file pubmed25n0038.xml.gz (38/1274)
2025-04-18 21:10:43,794 - INFO - Skipped existing complete file pubmed25n0039.xml.gz (39/1274)
2025-04-18 21:10:44,345 - INFO - Skipped existing complete file pubmed25n0040.xml.gz (40/1274)
2025-04-18 21:10:44,891 - INFO - Skipped existing complete file pubmed25n0041.xml.gz (41/1274)
2025-04-18 21:10:45,435 - INFO - Skipped existing complete file pubmed25n0042.xml.gz (42/1274)
2025-04-18 21:10:45,981 - INFO - Skipped existing complete file pubmed25n0043.xml.gz (43/1274)
2025-04-18 21:10:46,524 - INFO - Skipped existing complete file pubmed25n0044.xml.gz (44/1274)
2025-04-18 21:10:47,068 - INFO - Skipped existing complete file pubmed25n0045.xml.gz (45/1274)
2025-04-18 21:10:47,611 - INFO - Skipped existing complete file pubmed25n0046.xml.gz (46/1274)
2025-04-18 21:10:48,170 - INFO - Skipped existing complete file pubmed25n0047.xml.gz (47/1274)
2025-04-18 21:10:48,713 - INFO - Skipped existing complete file pubmed25n0048.xml.gz (48/1274)
2025-04-18 21:10:49,257 - INFO - Skipped existing complete file pubmed25n0049.xml.gz (49/1274)
2025-04-18 21:10:49,801 - INFO - Skipped existing complete file pubmed25n0050.xml.gz (50/1274)
2025-04-18 21:10:50,347 - INFO - Skipped existing complete file pubmed25n0051.xml.gz (51/1274)
2025-04-18 21:10:50,890 - INFO - Skipped existing complete file pubmed25n0052.xml.gz (52/1274)
2025-04-18 21:10:51,433 - INFO - Skipped existing complete file pubmed25n0053.xml.gz (53/1274)
2025-04-18 21:10:51,976 - INFO - Skipped existing complete file pubmed25n0054.xml.gz (54/1274)
2025-04-18 21:10:52,519 - INFO - Skipped existing complete file pubmed25n0055.xml.gz (55/1274)
2025-04-18 21:10:53,065 - INFO - Skipped existing complete file pubmed25n0056.xml.gz (56/1274)
2025-04-18 21:10:53,631 - INFO - Skipped existing complete file pubmed25n0057.xml.gz (57/1274)
2025-04-18 21:10:54,249 - INFO - Skipped existing complete file pubmed25n0058.xml.gz (58/1274)
2025-04-18 21:10:54,802 - INFO - Skipped existing complete file pubmed25n0059.xml.gz (59/1274)
2025-04-18 21:10:55,345 - INFO - Skipped existing complete file pubmed25n0060.xml.gz (60/1274)
2025-04-18 21:10:55,888 - INFO - Skipped existing complete file pubmed25n0061.xml.gz (61/1274)
2025-04-18 21:10:56,432 - INFO - Skipped existing complete file pubmed25n0062.xml.gz (62/1274)
2025-04-18 21:10:56,977 - INFO - Skipped existing complete file pubmed25n0063.xml.gz (63/1274)
2025-04-18 21:10:57,519 - INFO - Skipped existing complete file pubmed25n0064.xml.gz (64/1274)
2025-04-18 21:10:58,142 - INFO - Skipped existing complete file pubmed25n0065.xml.gz (65/1274)
2025-04-18 21:10:58,686 - INFO - Skipped existing complete file pubmed25n0066.xml.gz (66/1274)
2025-04-18 21:10:59,268 - INFO - Skipped existing complete file pubmed25n0067.xml.gz (67/1274)
2025-04-18 21:10:59,820 - INFO - Skipped existing complete file pubmed25n0068.xml.gz (68/1274)
2025-04-18 21:11:00,363 - INFO - Skipped existing complete file pubmed25n0069.xml.gz (69/1274)
2025-04-18 21:11:00,907 - INFO - Skipped existing complete file pubmed25n0070.xml.gz (70/1274)
2025-04-18 21:11:01,451 - INFO - Skipped existing complete file pubmed25n0071.xml.gz (71/1274)
2025-04-18 21:11:01,993 - INFO - Skipped existing complete file pubmed25n0072.xml.gz (72/1274)
2025-04-18 21:11:02,585 - INFO - Skipped existing complete file pubmed25n0073.xml.gz (73/1274)
2025-04-18 21:11:03,128 - INFO - Skipped existing complete file pubmed25n0074.xml.gz (74/1274)
2025-04-18 21:11:03,706 - INFO - Skipped existing complete file pubmed25n0075.xml.gz (75/1274)
2025-04-18 21:11:04,325 - INFO - Skipped existing complete file pubmed25n0076.xml.gz (76/1274)
2025-04-18 21:11:04,869 - INFO - Skipped existing complete file pubmed25n0077.xml.gz (77/1274)
2025-04-18 21:11:05,412 - INFO - Skipped existing complete file pubmed25n0078.xml.gz (78/1274)
2025-04-18 21:11:05,959 - INFO - Skipped existing complete file pubmed25n0079.xml.gz (79/1274)
2025-04-18 21:11:06,503 - INFO - Skipped existing complete file pubmed25n0080.xml.gz (80/1274)
2025-04-18 21:11:07,047 - INFO - Skipped existing complete file pubmed25n0081.xml.gz (81/1274)
2025-04-18 21:11:07,594 - INFO - Skipped existing complete file pubmed25n0082.xml.gz (82/1274)
2025-04-18 21:11:08,143 - INFO - Skipped existing complete file pubmed25n0083.xml.gz (83/1274)
2025-04-18 21:11:08,698 - INFO - Skipped existing complete file pubmed25n0084.xml.gz (84/1274)
2025-04-18 21:11:09,241 - INFO - Skipped existing complete file pubmed25n0085.xml.gz (85/1274)
2025-04-18 21:11:09,785 - INFO - Skipped existing complete file pubmed25n0086.xml.gz (86/1274)
2025-04-18 21:11:10,327 - INFO - Skipped existing complete file pubmed25n0087.xml.gz (87/1274)
2025-04-18 21:11:10,870 - INFO - Skipped existing complete file pubmed25n0088.xml.gz (88/1274)
2025-04-18 21:11:11,414 - INFO - Skipped existing complete file pubmed25n0089.xml.gz (89/1274)
2025-04-18 21:11:12,001 - INFO - Skipped existing complete file pubmed25n0090.xml.gz (90/1274)
2025-04-18 21:11:12,579 - INFO - Skipped existing complete file pubmed25n0091.xml.gz (91/1274)
2025-04-18 21:11:13,124 - INFO - Skipped existing complete file pubmed25n0092.xml.gz (92/1274)
2025-04-18 21:11:13,667 - INFO - Skipped existing complete file pubmed25n0093.xml.gz (93/1274)
2025-04-18 21:11:14,232 - INFO - Skipped existing complete file pubmed25n0094.xml.gz (94/1274)
2025-04-18 21:11:14,778 - INFO - Skipped existing complete file pubmed25n0095.xml.gz (95/1274)
2025-04-18 21:11:15,322 - INFO - Skipped existing complete file pubmed25n0096.xml.gz (96/1274)
2025-04-18 21:11:15,866 - INFO - Skipped existing complete file pubmed25n0097.xml.gz (97/1274)
2025-04-18 21:11:16,411 - INFO - Skipped existing complete file pubmed25n0098.xml.gz (98/1274)
2025-04-18 21:11:16,955 - INFO - Skipped existing complete file pubmed25n0099.xml.gz (99/1274)
2025-04-18 21:11:17,499 - INFO - Skipped existing complete file pubmed25n0100.xml.gz (100/1274)
2025-04-18 21:11:18,134 - INFO - Skipped existing complete file pubmed25n0101.xml.gz (101/1274)
2025-04-18 21:11:18,678 - INFO - Skipped existing complete file pubmed25n0102.xml.gz (102/1274)
2025-04-18 21:11:19,220 - INFO - Skipped existing complete file pubmed25n0103.xml.gz (103/1274)
2025-04-18 21:11:19,762 - INFO - Skipped existing complete file pubmed25n0104.xml.gz (104/1274)
2025-04-18 21:11:20,308 - INFO - Skipped existing complete file pubmed25n0105.xml.gz (105/1274)
2025-04-18 21:11:20,854 - INFO - Skipped existing complete file pubmed25n0106.xml.gz (106/1274)
2025-04-18 21:11:21,397 - INFO - Skipped existing complete file pubmed25n0107.xml.gz (107/1274)
2025-04-18 21:11:21,941 - INFO - Skipped existing complete file pubmed25n0108.xml.gz (108/1274)
2025-04-18 21:11:22,212 - WARNING - Error checking file size for pubmed25n0109.xml.gz: 421 No transfer timeout (60 seconds): closing control connection
2025-04-18 21:11:29,966 - INFO - Downloaded pubmed25n0109.xml.gz (109/1274)
2025-04-18 21:11:30,512 - INFO - Skipped existing complete file pubmed25n0110.xml.gz (110/1274)
2025-04-18 21:11:31,115 - INFO - Skipped existing complete file pubmed25n0111.xml.gz (111/1274)
2025-04-18 21:11:31,658 - INFO - Skipped existing complete file pubmed25n0112.xml.gz (112/1274)
2025-04-18 21:11:32,205 - INFO - Skipped existing complete file pubmed25n0113.xml.gz (113/1274)
2025-04-18 21:11:32,749 - INFO - Skipped existing complete file pubmed25n0114.xml.gz (114/1274)
2025-04-18 21:11:33,367 - INFO - Skipped existing complete file pubmed25n0115.xml.gz (115/1274)
2025-04-18 21:11:33,909 - INFO - Skipped existing complete file pubmed25n0116.xml.gz (116/1274)
2025-04-18 21:11:34,496 - INFO - Skipped existing complete file pubmed25n0117.xml.gz (117/1274)
2025-04-18 21:11:35,043 - INFO - Skipped existing complete file pubmed25n0118.xml.gz (118/1274)
2025-04-18 21:11:35,588 - INFO - Skipped existing complete file pubmed25n0119.xml.gz (119/1274)
2025-04-18 21:11:36,133 - INFO - Skipped existing complete file pubmed25n0120.xml.gz (120/1274)
2025-04-18 21:11:36,677 - INFO - Skipped existing complete file pubmed25n0121.xml.gz (121/1274)
2025-04-18 21:11:37,226 - INFO - Skipped existing complete file pubmed25n0122.xml.gz (122/1274)
2025-04-18 21:11:37,769 - INFO - Skipped existing complete file pubmed25n0123.xml.gz (123/1274)
2025-04-18 21:11:38,312 - INFO - Skipped existing complete file pubmed25n0124.xml.gz (124/1274)
2025-04-18 21:11:38,859 - INFO - Skipped existing complete file pubmed25n0125.xml.gz (125/1274)
2025-04-18 21:11:39,406 - INFO - Skipped existing complete file pubmed25n0126.xml.gz (126/1274)
2025-04-18 21:11:39,950 - INFO - Skipped existing complete file pubmed25n0127.xml.gz (127/1274)
2025-04-18 21:11:40,493 - INFO - Skipped existing complete file pubmed25n0128.xml.gz (128/1274)
2025-04-18 21:11:41,038 - INFO - Skipped existing complete file pubmed25n0129.xml.gz (129/1274)
2025-04-18 21:11:41,582 - INFO - Skipped existing complete file pubmed25n0130.xml.gz (130/1274)
2025-04-18 21:11:42,128 - INFO - Skipped existing complete file pubmed25n0131.xml.gz (131/1274)
2025-04-18 21:11:42,672 - INFO - Skipped existing complete file pubmed25n0132.xml.gz (132/1274)
2025-04-18 21:11:43,215 - INFO - Skipped existing complete file pubmed25n0133.xml.gz (133/1274)
2025-04-18 21:11:43,758 - INFO - Skipped existing complete file pubmed25n0134.xml.gz (134/1274)
2025-04-18 21:11:44,319 - INFO - Skipped existing complete file pubmed25n0135.xml.gz (135/1274)
2025-04-18 21:11:44,864 - INFO - Skipped existing complete file pubmed25n0136.xml.gz (136/1274)
2025-04-18 21:11:45,407 - INFO - Skipped existing complete file pubmed25n0137.xml.gz (137/1274)
2025-04-18 21:11:45,951 - INFO - Skipped existing complete file pubmed25n0138.xml.gz (138/1274)
2025-04-18 21:11:46,496 - INFO - Skipped existing complete file pubmed25n0139.xml.gz (139/1274)
2025-04-18 21:11:47,043 - INFO - Skipped existing complete file pubmed25n0140.xml.gz (140/1274)
2025-04-18 21:11:47,586 - INFO - Skipped existing complete file pubmed25n0141.xml.gz (141/1274)
2025-04-18 21:11:48,153 - INFO - Skipped existing complete file pubmed25n0142.xml.gz (142/1274)
2025-04-18 21:11:48,697 - INFO - Skipped existing complete file pubmed25n0143.xml.gz (143/1274)
2025-04-18 21:11:49,240 - INFO - Skipped existing complete file pubmed25n0144.xml.gz (144/1274)
2025-04-18 21:11:49,785 - INFO - Skipped existing complete file pubmed25n0145.xml.gz (145/1274)
2025-04-18 21:11:50,337 - INFO - Skipped existing complete file pubmed25n0146.xml.gz (146/1274)
2025-04-18 21:11:50,881 - INFO - Skipped existing complete file pubmed25n0147.xml.gz (147/1274)
2025-04-18 21:11:51,431 - INFO - Skipped existing complete file pubmed25n0148.xml.gz (148/1274)
2025-04-18 21:11:51,985 - INFO - Found incomplete file pubmed25n0149.xml.gz, resuming download
2025-04-18 21:11:57,893 - ERROR - Error downloading pubmed25n0149.xml.gz (attempt 1/5): 554 pubmed25n0149.xml.gz: invalid REST argument
2025-04-18 21:12:14,352 - ERROR - Error downloading pubmed25n0149.xml.gz (attempt 2/5): 554 pubmed25n0149.xml.gz: invalid REST argument
2025-04-18 21:12:30,015 - ERROR - Error downloading pubmed25n0149.xml.gz (attempt 3/5): 554 pubmed25n0149.xml.gz: invalid REST argument
2025-04-18 21:12:46,212 - ERROR - Error downloading pubmed25n0149.xml.gz (attempt 4/5): 554 pubmed25n0149.xml.gz: invalid REST argument
2025-04-18 21:13:58,486 - INFO - Using directory: /Users/hherb/knowledgebase/pubmed_data
2025-04-18 21:13:58,486 - INFO - Directory already exists: /Users/hherb/knowledgebase/pubmed_data
2025-04-18 21:13:58,486 - INFO - Baseline directory already exists: /Users/hherb/knowledgebase/pubmed_data/baseline
2025-04-18 21:13:58,486 - INFO - Found checkpoint file. Last downloaded file: pubmed25n0109.xml.gz
2025-04-18 21:13:58,486 - INFO - Starting PubMed baseline download to /Users/hherb/knowledgebase/pubmed_data/baseline
2025-04-18 21:14:03,330 - INFO - Found 1274 PubMed baseline files to download
2025-04-18 21:14:03,330 - INFO - Resuming from file 110/1274 (after pubmed25n0109.xml.gz)
2025-04-18 21:14:03,873 - INFO - Skipped existing complete file pubmed25n0110.xml.gz (110/1274)
2025-04-18 21:14:04,420 - INFO - Skipped existing complete file pubmed25n0111.xml.gz (111/1274)
2025-04-18 21:14:04,980 - INFO - Skipped existing complete file pubmed25n0112.xml.gz (112/1274)
2025-04-18 21:14:05,527 - INFO - Skipped existing complete file pubmed25n0113.xml.gz (113/1274)
2025-04-18 21:14:06,071 - INFO - Skipped existing complete file pubmed25n0114.xml.gz (114/1274)
2025-04-18 21:14:06,614 - INFO - Skipped existing complete file pubmed25n0115.xml.gz (115/1274)
2025-04-18 21:14:07,188 - INFO - Skipped existing complete file pubmed25n0116.xml.gz (116/1274)
2025-04-18 21:14:07,731 - INFO - Skipped existing complete file pubmed25n0117.xml.gz (117/1274)
2025-04-18 21:14:08,358 - INFO - Skipped existing complete file pubmed25n0118.xml.gz (118/1274)
2025-04-18 21:14:08,905 - INFO - Skipped existing complete file pubmed25n0119.xml.gz (119/1274)
2025-04-18 21:14:09,449 - INFO - Skipped existing complete file pubmed25n0120.xml.gz (120/1274)
2025-04-18 21:14:09,992 - INFO - Skipped existing complete file pubmed25n0121.xml.gz (121/1274)
2025-04-18 21:14:10,535 - INFO - Skipped existing complete file pubmed25n0122.xml.gz (122/1274)
2025-04-18 21:14:11,080 - INFO - Skipped existing complete file pubmed25n0123.xml.gz (123/1274)
2025-04-18 21:14:11,624 - INFO - Skipped existing complete file pubmed25n0124.xml.gz (124/1274)
2025-04-18 21:14:12,168 - INFO - Skipped existing complete file pubmed25n0125.xml.gz (125/1274)
2025-04-18 21:14:12,711 - INFO - Skipped existing complete file pubmed25n0126.xml.gz (126/1274)
2025-04-18 21:14:13,254 - INFO - Skipped existing complete file pubmed25n0127.xml.gz (127/1274)
2025-04-18 21:14:13,798 - INFO - Skipped existing complete file pubmed25n0128.xml.gz (128/1274)
2025-04-18 21:14:14,342 - INFO - Skipped existing complete file pubmed25n0129.xml.gz (129/1274)
2025-04-18 21:14:14,885 - INFO - Skipped existing complete file pubmed25n0130.xml.gz (130/1274)
2025-04-18 21:14:15,430 - INFO - Skipped existing complete file pubmed25n0131.xml.gz (131/1274)
2025-04-18 21:14:15,999 - INFO - Skipped existing complete file pubmed25n0132.xml.gz (132/1274)
2025-04-18 21:14:16,648 - INFO - Skipped existing complete file pubmed25n0133.xml.gz (133/1274)
2025-04-18 21:14:17,192 - INFO - Skipped existing complete file pubmed25n0134.xml.gz (134/1274)
2025-04-18 21:14:17,739 - INFO - Skipped existing complete file pubmed25n0135.xml.gz (135/1274)
2025-04-18 21:14:18,289 - INFO - Skipped existing complete file pubmed25n0136.xml.gz (136/1274)
2025-04-18 21:14:18,837 - INFO - Skipped existing complete file pubmed25n0137.xml.gz (137/1274)
2025-04-18 21:14:19,463 - INFO - Skipped existing complete file pubmed25n0138.xml.gz (138/1274)
2025-04-18 21:14:20,007 - INFO - Skipped existing complete file pubmed25n0139.xml.gz (139/1274)
2025-04-18 21:14:20,642 - INFO - Skipped existing complete file pubmed25n0140.xml.gz (140/1274)
2025-04-18 21:14:21,228 - INFO - Skipped existing complete file pubmed25n0141.xml.gz (141/1274)
2025-04-18 21:14:21,771 - INFO - Skipped existing complete file pubmed25n0142.xml.gz (142/1274)
2025-04-18 21:14:22,315 - INFO - Skipped existing complete file pubmed25n0143.xml.gz (143/1274)
2025-04-18 21:14:22,858 - INFO - Skipped existing complete file pubmed25n0144.xml.gz (144/1274)
2025-04-18 21:14:23,417 - INFO - Skipped existing complete file pubmed25n0145.xml.gz (145/1274)
2025-04-18 21:14:23,961 - INFO - Skipped existing complete file pubmed25n0146.xml.gz (146/1274)
2025-04-18 21:14:24,504 - INFO - Skipped existing complete file pubmed25n0147.xml.gz (147/1274)
2025-04-18 21:14:25,055 - INFO - Skipped existing complete file pubmed25n0148.xml.gz (148/1274)
2025-04-18 21:14:25,614 - INFO - Found incomplete file pubmed25n0149.xml.gz, resuming download
2025-04-18 21:14:31,539 - WARNING - Invalid resume position for pubmed25n0149.xml.gz, restarting download from beginning
2025-04-18 21:14:36,180 - INFO - Downloaded pubmed25n0149.xml.gz (149/1274)
2025-04-18 21:14:36,722 - INFO - Skipped existing complete file pubmed25n0150.xml.gz (150/1274)
2025-04-18 21:14:37,267 - INFO - Skipped existing complete file pubmed25n0151.xml.gz (151/1274)
2025-04-18 21:14:37,810 - INFO - Skipped existing complete file pubmed25n0152.xml.gz (152/1274)
2025-04-18 21:14:38,354 - INFO - Skipped existing complete file pubmed25n0153.xml.gz (153/1274)
2025-04-18 21:14:38,901 - INFO - Skipped existing complete file pubmed25n0154.xml.gz (154/1274)
2025-04-18 21:14:39,448 - INFO - Skipped existing complete file pubmed25n0155.xml.gz (155/1274)
2025-04-18 21:14:40,098 - INFO - Skipped existing complete file pubmed25n0156.xml.gz (156/1274)
2025-04-18 21:14:40,642 - INFO - Skipped existing complete file pubmed25n0157.xml.gz (157/1274)
2025-04-18 21:14:41,185 - INFO - Skipped existing complete file pubmed25n0158.xml.gz (158/1274)
2025-04-18 21:14:41,728 - INFO - Skipped existing complete file pubmed25n0159.xml.gz (159/1274)
2025-04-18 21:14:42,271 - INFO - Skipped existing complete file pubmed25n0160.xml.gz (160/1274)
2025-04-18 21:14:42,814 - INFO - Skipped existing complete file pubmed25n0161.xml.gz (161/1274)
2025-04-18 21:14:43,358 - INFO - Skipped existing complete file pubmed25n0162.xml.gz (162/1274)
2025-04-18 21:14:43,901 - INFO - Skipped existing complete file pubmed25n0163.xml.gz (163/1274)
2025-04-18 21:14:44,442 - INFO - Skipped existing complete file pubmed25n0164.xml.gz (164/1274)
2025-04-18 21:14:44,985 - INFO - Skipped existing complete file pubmed25n0165.xml.gz (165/1274)
2025-04-18 21:14:45,529 - INFO - Skipped existing complete file pubmed25n0166.xml.gz (166/1274)
2025-04-18 21:14:46,074 - INFO - Skipped existing complete file pubmed25n0167.xml.gz (167/1274)
2025-04-18 21:14:46,616 - INFO - Skipped existing complete file pubmed25n0168.xml.gz (168/1274)
2025-04-18 21:14:47,160 - INFO - Skipped existing complete file pubmed25n0169.xml.gz (169/1274)
2025-04-18 21:14:47,702 - INFO - Skipped existing complete file pubmed25n0170.xml.gz (170/1274)
2025-04-18 21:14:48,246 - INFO - Skipped existing complete file pubmed25n0171.xml.gz (171/1274)
2025-04-18 21:14:48,789 - INFO - Skipped existing complete file pubmed25n0172.xml.gz (172/1274)
2025-04-18 21:14:49,333 - INFO - Skipped existing complete file pubmed25n0173.xml.gz (173/1274)
2025-04-18 21:14:49,878 - INFO - Skipped existing complete file pubmed25n0174.xml.gz (174/1274)
2025-04-18 21:14:50,441 - INFO - Skipped existing complete file pubmed25n0175.xml.gz (175/1274)
2025-04-18 21:14:51,022 - INFO - Skipped existing complete file pubmed25n0176.xml.gz (176/1274)
2025-04-18 21:14:51,567 - INFO - Skipped existing complete file pubmed25n0177.xml.gz (177/1274)
2025-04-18 21:14:52,111 - INFO - Skipped existing complete file pubmed25n0178.xml.gz (178/1274)
2025-04-18 21:14:52,696 - INFO - Skipped existing complete file pubmed25n0179.xml.gz (179/1274)
2025-04-18 21:14:53,276 - INFO - Skipped existing complete file pubmed25n0180.xml.gz (180/1274)
2025-04-18 21:14:53,820 - INFO - Skipped existing complete file pubmed25n0181.xml.gz (181/1274)
2025-04-18 21:14:54,364 - INFO - Skipped existing complete file pubmed25n0182.xml.gz (182/1274)
2025-04-18 21:14:54,911 - INFO - Skipped existing complete file pubmed25n0183.xml.gz (183/1274)
2025-04-18 21:14:55,455 - INFO - Skipped existing complete file pubmed25n0184.xml.gz (184/1274)
2025-04-18 21:14:56,000 - INFO - Skipped existing complete file pubmed25n0185.xml.gz (185/1274)
2025-04-18 21:14:56,543 - INFO - Skipped existing complete file pubmed25n0186.xml.gz (186/1274)
2025-04-18 21:14:57,088 - INFO - Skipped existing complete file pubmed25n0187.xml.gz (187/1274)
2025-04-18 21:14:57,631 - INFO - Skipped existing complete file pubmed25n0188.xml.gz (188/1274)
2025-04-18 21:14:58,175 - INFO - Skipped existing complete file pubmed25n0189.xml.gz (189/1274)
2025-04-18 21:14:58,719 - INFO - Skipped existing complete file pubmed25n0190.xml.gz (190/1274)
2025-04-18 21:14:59,263 - INFO - Skipped existing complete file pubmed25n0191.xml.gz (191/1274)
2025-04-18 21:14:59,807 - INFO - Skipped existing complete file pubmed25n0192.xml.gz (192/1274)
2025-04-18 21:15:00,350 - INFO - Skipped existing complete file pubmed25n0193.xml.gz (193/1274)
2025-04-18 21:15:00,894 - INFO - Skipped existing complete file pubmed25n0194.xml.gz (194/1274)
2025-04-18 21:15:01,464 - INFO - Skipped existing complete file pubmed25n0195.xml.gz (195/1274)
2025-04-18 21:15:02,009 - INFO - Skipped existing complete file pubmed25n0196.xml.gz (196/1274)
2025-04-18 21:15:02,552 - INFO - Skipped existing complete file pubmed25n0197.xml.gz (197/1274)
2025-04-18 21:15:03,098 - INFO - Skipped existing complete file pubmed25n0198.xml.gz (198/1274)
2025-04-18 21:15:03,643 - INFO - Skipped existing complete file pubmed25n0199.xml.gz (199/1274)
2025-04-18 21:15:04,187 - INFO - Skipped existing complete file pubmed25n0200.xml.gz (200/1274)
2025-04-18 21:15:04,732 - INFO - Skipped existing complete file pubmed25n0201.xml.gz (201/1274)
2025-04-18 21:15:05,277 - INFO - Skipped existing complete file pubmed25n0202.xml.gz (202/1274)
2025-04-18 21:15:05,903 - INFO - Skipped existing complete file pubmed25n0203.xml.gz (203/1274)
2025-04-18 21:15:06,448 - INFO - Skipped existing complete file pubmed25n0204.xml.gz (204/1274)
2025-04-18 21:15:06,996 - INFO - Skipped existing complete file pubmed25n0205.xml.gz (205/1274)
2025-04-18 21:15:07,544 - INFO - Skipped existing complete file pubmed25n0206.xml.gz (206/1274)
2025-04-18 21:15:08,088 - INFO - Skipped existing complete file pubmed25n0207.xml.gz (207/1274)
2025-04-18 21:15:08,636 - INFO - Skipped existing complete file pubmed25n0208.xml.gz (208/1274)
2025-04-18 21:15:09,282 - INFO - Skipped existing complete file pubmed25n0209.xml.gz (209/1274)
2025-04-18 21:15:09,828 - INFO - Skipped existing complete file pubmed25n0210.xml.gz (210/1274)
2025-04-18 21:15:10,378 - INFO - Skipped existing complete file pubmed25n0211.xml.gz (211/1274)
2025-04-18 21:15:10,923 - INFO - Skipped existing complete file pubmed25n0212.xml.gz (212/1274)
2025-04-18 21:15:11,467 - INFO - Skipped existing complete file pubmed25n0213.xml.gz (213/1274)
2025-04-18 21:15:12,012 - INFO - Skipped existing complete file pubmed25n0214.xml.gz (214/1274)
2025-04-18 21:15:12,557 - INFO - Skipped existing complete file pubmed25n0215.xml.gz (215/1274)
2025-04-18 21:15:13,100 - INFO - Skipped existing complete file pubmed25n0216.xml.gz (216/1274)
2025-04-18 21:15:13,643 - INFO - Skipped existing complete file pubmed25n0217.xml.gz (217/1274)
2025-04-18 21:15:14,186 - INFO - Skipped existing complete file pubmed25n0218.xml.gz (218/1274)
2025-04-18 21:15:14,731 - INFO - Skipped existing complete file pubmed25n0219.xml.gz (219/1274)
2025-04-18 21:15:15,274 - INFO - Skipped existing complete file pubmed25n0220.xml.gz (220/1274)
2025-04-18 21:15:15,818 - INFO - Skipped existing complete file pubmed25n0221.xml.gz (221/1274)
2025-04-18 21:15:16,362 - INFO - Skipped existing complete file pubmed25n0222.xml.gz (222/1274)
2025-04-18 21:15:16,905 - INFO - Skipped existing complete file pubmed25n0223.xml.gz (223/1274)
2025-04-18 21:15:17,452 - INFO - Skipped existing complete file pubmed25n0224.xml.gz (224/1274)
2025-04-18 21:15:17,998 - INFO - Skipped existing complete file pubmed25n0225.xml.gz (225/1274)
2025-04-18 21:15:18,543 - INFO - Skipped existing complete file pubmed25n0226.xml.gz (226/1274)
2025-04-18 21:15:19,088 - INFO - Skipped existing complete file pubmed25n0227.xml.gz (227/1274)
2025-04-18 21:15:19,631 - INFO - Skipped existing complete file pubmed25n0228.xml.gz (228/1274)
2025-04-18 21:15:20,175 - INFO - Skipped existing complete file pubmed25n0229.xml.gz (229/1274)
2025-04-18 21:15:20,720 - INFO - Skipped existing complete file pubmed25n0230.xml.gz (230/1274)
2025-04-18 21:15:21,263 - INFO - Skipped existing complete file pubmed25n0231.xml.gz (231/1274)
2025-04-18 21:15:21,808 - INFO - Skipped existing complete file pubmed25n0232.xml.gz (232/1274)
2025-04-18 21:15:38,593 - INFO - Downloaded pubmed25n0233.xml.gz (233/1274)
2025-04-18 21:15:51,644 - INFO - Downloaded pubmed25n0234.xml.gz (234/1274)
2025-04-18 21:16:06,254 - INFO - Downloaded pubmed25n0235.xml.gz (235/1274)
2025-04-18 21:16:18,595 - INFO - Downloaded pubmed25n0236.xml.gz (236/1274)
2025-04-18 21:16:30,665 - INFO - Downloaded pubmed25n0237.xml.gz (237/1274)
2025-04-18 21:16:42,388 - INFO - Downloaded pubmed25n0238.xml.gz (238/1274)
2025-04-18 21:16:54,410 - INFO - Downloaded pubmed25n0239.xml.gz (239/1274)
2025-04-18 21:18:14,525 - INFO - Backing off ftp_download(...) for 0.3s (TimeoutError: [Errno 60] Operation timed out)
2025-04-18 21:18:14,526 - WARNING - FTP error during download, retrying in 0.3 seconds... (Attempt 1/5)
2025-04-18 21:18:14,824 - ERROR - Error downloading pubmed25n0240.xml.gz (attempt 1/5): 421 No transfer timeout (60 seconds): closing control connection
2025-04-18 21:18:36,596 - INFO - Downloaded pubmed25n0240.xml.gz (240/1274)
2025-04-18 21:18:48,265 - INFO - Downloaded pubmed25n0241.xml.gz (241/1274)
2025-04-18 21:18:59,995 - INFO - Downloaded pubmed25n0242.xml.gz (242/1274)
2025-04-18 21:19:11,407 - INFO - Downloaded pubmed25n0243.xml.gz (243/1274)
2025-04-18 21:19:22,990 - INFO - Downloaded pubmed25n0244.xml.gz (244/1274)
2025-04-18 21:19:34,603 - INFO - Downloaded pubmed25n0245.xml.gz (245/1274)
2025-04-18 21:19:46,188 - INFO - Downloaded pubmed25n0246.xml.gz (246/1274)
2025-04-18 21:19:57,644 - INFO - Downloaded pubmed25n0247.xml.gz (247/1274)
2025-04-18 21:20:09,120 - INFO - Downloaded pubmed25n0248.xml.gz (248/1274)
2025-04-18 21:20:22,577 - INFO - Downloaded pubmed25n0249.xml.gz (249/1274)
2025-04-18 21:20:37,105 - INFO - Downloaded pubmed25n0250.xml.gz (250/1274)
2025-04-18 21:20:49,848 - INFO - Downloaded pubmed25n0251.xml.gz (251/1274)
2025-04-18 21:21:02,157 - INFO - Downloaded pubmed25n0252.xml.gz (252/1274)
2025-04-18 21:21:15,340 - INFO - Downloaded pubmed25n0253.xml.gz (253/1274)
2025-04-18 21:21:28,376 - INFO - Downloaded pubmed25n0254.xml.gz (254/1274)
2025-04-18 21:21:41,430 - INFO - Downloaded pubmed25n0255.xml.gz (255/1274)
2025-04-18 21:21:55,377 - INFO - Downloaded pubmed25n0256.xml.gz (256/1274)
2025-04-18 21:22:11,212 - INFO - Downloaded pubmed25n0257.xml.gz (257/1274)
2025-04-18 21:22:24,054 - INFO - Downloaded pubmed25n0258.xml.gz (258/1274)
2025-04-18 21:22:36,304 - INFO - Downloaded pubmed25n0259.xml.gz (259/1274)
2025-04-18 21:22:49,541 - INFO - Downloaded pubmed25n0260.xml.gz (260/1274)
2025-04-18 21:23:02,794 - INFO - Downloaded pubmed25n0261.xml.gz (261/1274)
2025-04-18 21:23:16,464 - INFO - Downloaded pubmed25n0262.xml.gz (262/1274)
2025-04-18 21:23:29,694 - INFO - Downloaded pubmed25n0263.xml.gz (263/1274)
2025-04-18 21:23:45,581 - INFO - Downloaded pubmed25n0264.xml.gz (264/1274)
2025-04-18 21:23:58,902 - INFO - Downloaded pubmed25n0265.xml.gz (265/1274)
2025-04-18 21:24:11,147 - INFO - Downloaded pubmed25n0266.xml.gz (266/1274)
2025-04-18 21:24:23,536 - INFO - Downloaded pubmed25n0267.xml.gz (267/1274)
2025-04-18 21:24:36,968 - INFO - Downloaded pubmed25n0268.xml.gz (268/1274)
2025-04-18 21:24:50,480 - INFO - Downloaded pubmed25n0269.xml.gz (269/1274)
2025-04-18 21:25:03,692 - INFO - Downloaded pubmed25n0270.xml.gz (270/1274)
2025-04-18 21:25:16,978 - INFO - Downloaded pubmed25n0271.xml.gz (271/1274)
2025-04-18 21:25:29,571 - INFO - Downloaded pubmed25n0272.xml.gz (272/1274)
2025-04-18 21:25:42,131 - INFO - Downloaded pubmed25n0273.xml.gz (273/1274)
2025-04-18 21:25:55,123 - INFO - Downloaded pubmed25n0274.xml.gz (274/1274)
2025-04-18 21:26:08,232 - INFO - Downloaded pubmed25n0275.xml.gz (275/1274)
2025-04-18 21:26:21,107 - INFO - Downloaded pubmed25n0276.xml.gz (276/1274)
2025-04-18 21:26:33,207 - INFO - Downloaded pubmed25n0277.xml.gz (277/1274)
2025-04-18 21:26:46,777 - INFO - Downloaded pubmed25n0278.xml.gz (278/1274)
2025-04-18 21:27:00,900 - INFO - Downloaded pubmed25n0279.xml.gz (279/1274)
2025-04-18 21:27:17,568 - INFO - Downloaded pubmed25n0280.xml.gz (280/1274)
2025-04-18 21:27:30,438 - INFO - Downloaded pubmed25n0281.xml.gz (281/1274)
2025-04-18 21:27:42,985 - INFO - Downloaded pubmed25n0282.xml.gz (282/1274)
2025-04-18 21:27:54,786 - INFO - Downloaded pubmed25n0283.xml.gz (283/1274)
2025-04-18 21:28:07,398 - INFO - Downloaded pubmed25n0284.xml.gz (284/1274)
2025-04-18 21:28:20,164 - INFO - Downloaded pubmed25n0285.xml.gz (285/1274)
2025-04-18 21:28:32,319 - INFO - Downloaded pubmed25n0286.xml.gz (286/1274)
2025-04-18 21:28:45,027 - INFO - Downloaded pubmed25n0287.xml.gz (287/1274)
2025-04-18 21:28:57,620 - INFO - Downloaded pubmed25n0288.xml.gz (288/1274)
2025-04-18 21:29:11,015 - INFO - Downloaded pubmed25n0289.xml.gz (289/1274)
2025-04-18 21:29:23,368 - INFO - Downloaded pubmed25n0290.xml.gz (290/1274)
2025-04-18 21:29:23,938 - INFO - Skipped existing complete file pubmed25n0291.xml.gz (291/1274)
2025-04-18 21:29:37,160 - INFO - Downloaded pubmed25n0292.xml.gz (292/1274)
2025-04-18 21:29:49,671 - INFO - Downloaded pubmed25n0293.xml.gz (293/1274)
2025-04-18 21:30:03,002 - INFO - Downloaded pubmed25n0294.xml.gz (294/1274)
2025-04-18 21:30:15,599 - INFO - Downloaded pubmed25n0295.xml.gz (295/1274)
2025-04-18 21:30:28,343 - INFO - Downloaded pubmed25n0296.xml.gz (296/1274)
2025-04-18 21:30:41,541 - INFO - Downloaded pubmed25n0297.xml.gz (297/1274)
2025-04-18 21:30:54,147 - INFO - Downloaded pubmed25n0298.xml.gz (298/1274)
2025-04-18 21:31:10,335 - INFO - Downloaded pubmed25n0299.xml.gz (299/1274)
2025-04-18 21:31:23,669 - INFO - Downloaded pubmed25n0300.xml.gz (300/1274)
2025-04-18 21:31:44,052 - INFO - Downloaded pubmed25n0301.xml.gz (301/1274)
2025-04-18 21:31:57,548 - INFO - Downloaded pubmed25n0302.xml.gz (302/1274)
2025-04-18 21:32:10,728 - INFO - Downloaded pubmed25n0303.xml.gz (303/1274)
2025-04-18 21:32:24,083 - INFO - Downloaded pubmed25n0304.xml.gz (304/1274)
2025-04-18 21:32:37,445 - INFO - Downloaded pubmed25n0305.xml.gz (305/1274)
2025-04-18 21:32:50,789 - INFO - Downloaded pubmed25n0306.xml.gz (306/1274)
2025-04-18 21:33:03,884 - INFO - Downloaded pubmed25n0307.xml.gz (307/1274)
2025-04-18 21:33:16,036 - INFO - Downloaded pubmed25n0308.xml.gz (308/1274)
2025-04-18 21:33:29,328 - INFO - Downloaded pubmed25n0309.xml.gz (309/1274)
2025-04-18 21:33:42,752 - INFO - Downloaded pubmed25n0310.xml.gz (310/1274)
2025-04-18 21:33:55,912 - INFO - Downloaded pubmed25n0311.xml.gz (311/1274)
2025-04-18 21:34:09,521 - INFO - Downloaded pubmed25n0312.xml.gz (312/1274)
2025-04-18 21:34:22,169 - INFO - Downloaded pubmed25n0313.xml.gz (313/1274)
2025-04-18 21:34:34,516 - INFO - Downloaded pubmed25n0314.xml.gz (314/1274)
2025-04-18 21:34:47,423 - INFO - Downloaded pubmed25n0315.xml.gz (315/1274)
2025-04-18 21:35:00,370 - INFO - Downloaded pubmed25n0316.xml.gz (316/1274)
2025-04-18 21:35:15,917 - INFO - Downloaded pubmed25n0317.xml.gz (317/1274)
2025-04-18 21:35:29,406 - INFO - Downloaded pubmed25n0318.xml.gz (318/1274)
2025-04-18 21:35:42,964 - INFO - Downloaded pubmed25n0319.xml.gz (319/1274)
2025-04-18 21:35:55,798 - INFO - Downloaded pubmed25n0320.xml.gz (320/1274)
2025-04-18 21:36:08,546 - INFO - Downloaded pubmed25n0321.xml.gz (321/1274)
2025-04-18 21:36:21,068 - INFO - Downloaded pubmed25n0322.xml.gz (322/1274)
2025-04-18 21:36:33,619 - INFO - Downloaded pubmed25n0323.xml.gz (323/1274)
2025-04-18 21:36:46,899 - INFO - Downloaded pubmed25n0324.xml.gz (324/1274)
2025-04-18 21:36:59,565 - INFO - Downloaded pubmed25n0325.xml.gz (325/1274)
2025-04-18 21:37:11,854 - INFO - Downloaded pubmed25n0326.xml.gz (326/1274)
2025-04-18 21:37:25,427 - INFO - Downloaded pubmed25n0327.xml.gz (327/1274)
2025-04-18 21:37:36,335 - INFO - Downloaded pubmed25n0328.xml.gz (328/1274)
2025-04-18 21:37:53,788 - INFO - Downloaded pubmed25n0329.xml.gz (329/1274)
2025-04-18 21:38:03,453 - INFO - Downloaded pubmed25n0330.xml.gz (330/1274)
2025-04-18 21:38:20,969 - INFO - Downloaded pubmed25n0331.xml.gz (331/1274)
2025-04-18 21:38:32,244 - INFO - Downloaded pubmed25n0332.xml.gz (332/1274)
2025-04-18 21:38:44,148 - INFO - Downloaded pubmed25n0333.xml.gz (333/1274)
2025-04-18 21:38:58,438 - INFO - Downloaded pubmed25n0334.xml.gz (334/1274)
2025-04-18 21:39:10,070 - INFO - Downloaded pubmed25n0335.xml.gz (335/1274)
2025-04-18 21:39:20,833 - INFO - Downloaded pubmed25n0336.xml.gz (336/1274)
2025-04-18 21:39:32,031 - INFO - Downloaded pubmed25n0337.xml.gz (337/1274)
2025-04-18 21:39:46,002 - INFO - Downloaded pubmed25n0338.xml.gz (338/1274)
2025-04-18 21:39:58,870 - INFO - Downloaded pubmed25n0339.xml.gz (339/1274)
2025-04-18 21:40:08,117 - INFO - Downloaded pubmed25n0340.xml.gz (340/1274)
2025-04-18 21:40:17,678 - INFO - Downloaded pubmed25n0341.xml.gz (341/1274)
2025-04-18 21:40:29,370 - INFO - Downloaded pubmed25n0342.xml.gz (342/1274)
2025-04-18 21:40:42,986 - INFO - Downloaded pubmed25n0343.xml.gz (343/1274)
2025-04-18 21:40:56,389 - INFO - Downloaded pubmed25n0344.xml.gz (344/1274)
2025-04-18 21:41:09,713 - INFO - Downloaded pubmed25n0345.xml.gz (345/1274)
2025-04-18 21:41:23,021 - INFO - Downloaded pubmed25n0346.xml.gz (346/1274)
2025-04-18 21:41:35,222 - INFO - Downloaded pubmed25n0347.xml.gz (347/1274)
2025-04-18 21:41:50,699 - INFO - Downloaded pubmed25n0348.xml.gz (348/1274)
2025-04-18 21:42:03,519 - INFO - Downloaded pubmed25n0349.xml.gz (349/1274)
2025-04-18 21:42:16,436 - INFO - Downloaded pubmed25n0350.xml.gz (350/1274)
2025-04-18 21:42:29,940 - INFO - Downloaded pubmed25n0351.xml.gz (351/1274)
2025-04-18 21:42:42,704 - INFO - Downloaded pubmed25n0352.xml.gz (352/1274)
2025-04-18 21:42:56,088 - INFO - Downloaded pubmed25n0353.xml.gz (353/1274)
2025-04-18 21:43:08,705 - INFO - Downloaded pubmed25n0354.xml.gz (354/1274)
2025-04-18 21:43:21,195 - INFO - Downloaded pubmed25n0355.xml.gz (355/1274)
2025-04-18 21:43:33,210 - INFO - Downloaded pubmed25n0356.xml.gz (356/1274)
2025-04-18 21:43:46,441 - INFO - Downloaded pubmed25n0357.xml.gz (357/1274)
2025-04-18 21:43:59,625 - INFO - Downloaded pubmed25n0358.xml.gz (358/1274)
2025-04-18 21:44:12,378 - INFO - Downloaded pubmed25n0359.xml.gz (359/1274)
2025-04-18 21:44:24,627 - INFO - Downloaded pubmed25n0360.xml.gz (360/1274)
2025-04-18 21:44:37,146 - INFO - Downloaded pubmed25n0361.xml.gz (361/1274)
2025-04-18 21:44:52,883 - INFO - Downloaded pubmed25n0362.xml.gz (362/1274)
2025-04-18 21:45:06,237 - INFO - Downloaded pubmed25n0363.xml.gz (363/1274)
2025-04-18 21:45:19,161 - INFO - Downloaded pubmed25n0364.xml.gz (364/1274)
2025-04-18 21:45:36,076 - INFO - Downloaded pubmed25n0365.xml.gz (365/1274)
2025-04-18 21:45:49,356 - INFO - Downloaded pubmed25n0366.xml.gz (366/1274)
2025-04-18 21:46:02,556 - INFO - Downloaded pubmed25n0367.xml.gz (367/1274)
2025-04-18 21:46:16,402 - INFO - Downloaded pubmed25n0368.xml.gz (368/1274)
2025-04-18 21:46:29,045 - INFO - Downloaded pubmed25n0369.xml.gz (369/1274)
2025-04-18 21:46:41,630 - INFO - Downloaded pubmed25n0370.xml.gz (370/1274)
2025-04-18 21:46:57,208 - INFO - Downloaded pubmed25n0371.xml.gz (371/1274)
2025-04-18 21:47:10,772 - INFO - Downloaded pubmed25n0372.xml.gz (372/1274)
2025-04-18 21:47:23,166 - INFO - Downloaded pubmed25n0373.xml.gz (373/1274)
2025-04-18 21:47:36,224 - INFO - Downloaded pubmed25n0374.xml.gz (374/1274)
2025-04-18 21:47:48,353 - INFO - Downloaded pubmed25n0375.xml.gz (375/1274)
2025-04-18 21:48:01,495 - INFO - Downloaded pubmed25n0376.xml.gz (376/1274)
2025-04-18 21:48:17,673 - INFO - Downloaded pubmed25n0377.xml.gz (377/1274)
2025-04-18 21:48:30,946 - INFO - Downloaded pubmed25n0378.xml.gz (378/1274)
2025-04-18 21:48:44,929 - INFO - Downloaded pubmed25n0379.xml.gz (379/1274)
2025-04-18 21:48:58,110 - INFO - Downloaded pubmed25n0380.xml.gz (380/1274)
2025-04-18 21:49:10,574 - INFO - Downloaded pubmed25n0381.xml.gz (381/1274)
2025-04-18 21:49:24,232 - INFO - Downloaded pubmed25n0382.xml.gz (382/1274)
2025-04-18 21:49:36,897 - INFO - Downloaded pubmed25n0383.xml.gz (383/1274)
2025-04-18 21:49:47,029 - INFO - Downloaded pubmed25n0384.xml.gz (384/1274)
2025-04-18 21:49:59,512 - INFO - Downloaded pubmed25n0385.xml.gz (385/1274)
2025-04-18 21:50:14,209 - INFO - Downloaded pubmed25n0386.xml.gz (386/1274)
2025-04-18 21:50:27,616 - INFO - Downloaded pubmed25n0387.xml.gz (387/1274)
2025-04-18 21:50:41,692 - INFO - Downloaded pubmed25n0388.xml.gz (388/1274)
2025-04-18 21:50:53,860 - INFO - Downloaded pubmed25n0389.xml.gz (389/1274)
2025-04-18 21:51:07,451 - INFO - Downloaded pubmed25n0390.xml.gz (390/1274)
2025-04-18 21:51:20,158 - INFO - Downloaded pubmed25n0391.xml.gz (391/1274)
2025-04-18 21:51:33,666 - INFO - Downloaded pubmed25n0392.xml.gz (392/1274)
2025-04-18 21:51:46,094 - INFO - Downloaded pubmed25n0393.xml.gz (393/1274)
2025-04-18 21:51:58,207 - INFO - Downloaded pubmed25n0394.xml.gz (394/1274)
2025-04-18 21:52:11,165 - INFO - Downloaded pubmed25n0395.xml.gz (395/1274)
2025-04-18 21:52:30,036 - INFO - Downloaded pubmed25n0396.xml.gz (396/1274)
2025-04-18 21:52:48,748 - INFO - Downloaded pubmed25n0397.xml.gz (397/1274)
2025-04-18 21:53:02,094 - INFO - Downloaded pubmed25n0398.xml.gz (398/1274)
2025-04-18 21:53:14,594 - INFO - Downloaded pubmed25n0399.xml.gz (399/1274)
2025-04-18 21:53:27,534 - INFO - Downloaded pubmed25n0400.xml.gz (400/1274)
2025-04-18 21:53:40,896 - INFO - Downloaded pubmed25n0401.xml.gz (401/1274)
2025-04-18 21:53:53,511 - INFO - Downloaded pubmed25n0402.xml.gz (402/1274)
2025-04-18 21:54:07,374 - INFO - Downloaded pubmed25n0403.xml.gz (403/1274)
2025-04-18 21:54:20,652 - INFO - Downloaded pubmed25n0404.xml.gz (404/1274)
2025-04-18 21:54:36,074 - INFO - Downloaded pubmed25n0405.xml.gz (405/1274)
2025-04-18 21:54:49,724 - INFO - Downloaded pubmed25n0406.xml.gz (406/1274)
2025-04-18 21:55:03,646 - INFO - Downloaded pubmed25n0407.xml.gz (407/1274)
2025-04-18 21:55:17,240 - INFO - Downloaded pubmed25n0408.xml.gz (408/1274)
2025-04-18 21:55:29,985 - INFO - Downloaded pubmed25n0409.xml.gz (409/1274)
2025-04-18 21:55:43,114 - INFO - Downloaded pubmed25n0410.xml.gz (410/1274)
2025-04-18 21:55:55,826 - INFO - Downloaded pubmed25n0411.xml.gz (411/1274)
2025-04-18 21:56:09,350 - INFO - Downloaded pubmed25n0412.xml.gz (412/1274)
2025-04-18 21:56:22,293 - INFO - Downloaded pubmed25n0413.xml.gz (413/1274)
2025-04-18 21:56:34,652 - INFO - Downloaded pubmed25n0414.xml.gz (414/1274)
2025-04-18 21:56:47,286 - INFO - Downloaded pubmed25n0415.xml.gz (415/1274)
2025-04-18 21:57:00,962 - INFO - Downloaded pubmed25n0416.xml.gz (416/1274)
2025-04-18 21:57:15,007 - INFO - Downloaded pubmed25n0417.xml.gz (417/1274)
2025-04-18 21:57:27,967 - INFO - Downloaded pubmed25n0418.xml.gz (418/1274)
2025-04-18 21:57:43,931 - INFO - Downloaded pubmed25n0419.xml.gz (419/1274)
2025-04-18 21:57:57,273 - INFO - Downloaded pubmed25n0420.xml.gz (420/1274)
2025-04-18 21:58:11,260 - INFO - Downloaded pubmed25n0421.xml.gz (421/1274)
2025-04-18 21:58:24,993 - INFO - Downloaded pubmed25n0422.xml.gz (422/1274)
2025-04-18 21:58:37,959 - INFO - Downloaded pubmed25n0423.xml.gz (423/1274)
2025-04-18 21:58:50,960 - INFO - Downloaded pubmed25n0424.xml.gz (424/1274)
2025-04-18 21:59:00,627 - INFO - Downloaded pubmed25n0425.xml.gz (425/1274)
2025-04-18 21:59:10,281 - INFO - Downloaded pubmed25n0426.xml.gz (426/1274)
2025-04-18 21:59:19,851 - INFO - Downloaded pubmed25n0427.xml.gz (427/1274)
2025-04-18 21:59:29,375 - INFO - Downloaded pubmed25n0428.xml.gz (428/1274)
2025-04-18 21:59:39,443 - INFO - Downloaded pubmed25n0429.xml.gz (429/1274)
2025-04-18 21:59:49,096 - INFO - Downloaded pubmed25n0430.xml.gz (430/1274)
2025-04-18 21:59:58,964 - INFO - Downloaded pubmed25n0431.xml.gz (431/1274)
2025-04-18 22:00:08,861 - INFO - Downloaded pubmed25n0432.xml.gz (432/1274)
2025-04-18 22:00:18,618 - INFO - Downloaded pubmed25n0433.xml.gz (433/1274)
2025-04-18 22:00:28,357 - INFO - Downloaded pubmed25n0434.xml.gz (434/1274)
2025-04-18 22:00:38,145 - INFO - Downloaded pubmed25n0435.xml.gz (435/1274)
2025-04-18 22:00:47,796 - INFO - Downloaded pubmed25n0436.xml.gz (436/1274)
2025-04-18 22:00:57,621 - INFO - Downloaded pubmed25n0437.xml.gz (437/1274)
2025-04-18 22:01:07,442 - INFO - Downloaded pubmed25n0438.xml.gz (438/1274)
2025-04-18 22:01:17,277 - INFO - Downloaded pubmed25n0439.xml.gz (439/1274)
2025-04-18 22:01:26,922 - INFO - Downloaded pubmed25n0440.xml.gz (440/1274)
2025-04-18 22:01:36,864 - INFO - Downloaded pubmed25n0441.xml.gz (441/1274)
2025-04-18 22:01:46,693 - INFO - Downloaded pubmed25n0442.xml.gz (442/1274)
2025-04-18 22:01:56,340 - INFO - Downloaded pubmed25n0443.xml.gz (443/1274)
2025-04-18 22:02:06,310 - INFO - Downloaded pubmed25n0444.xml.gz (444/1274)
2025-04-18 22:02:16,189 - INFO - Downloaded pubmed25n0445.xml.gz (445/1274)
2025-04-18 22:02:25,859 - INFO - Downloaded pubmed25n0446.xml.gz (446/1274)
2025-04-18 22:02:35,453 - INFO - Downloaded pubmed25n0447.xml.gz (447/1274)
2025-04-18 22:02:46,097 - INFO - Downloaded pubmed25n0448.xml.gz (448/1274)
2025-04-18 22:02:56,209 - INFO - Downloaded pubmed25n0449.xml.gz (449/1274)
2025-04-18 22:03:06,300 - INFO - Downloaded pubmed25n0450.xml.gz (450/1274)
2025-04-18 22:03:16,567 - INFO - Downloaded pubmed25n0451.xml.gz (451/1274)
2025-04-18 22:03:26,575 - INFO - Downloaded pubmed25n0452.xml.gz (452/1274)
2025-04-18 22:03:36,589 - INFO - Downloaded pubmed25n0453.xml.gz (453/1274)
2025-04-18 22:03:46,599 - INFO - Downloaded pubmed25n0454.xml.gz (454/1274)
2025-04-18 22:03:56,924 - INFO - Downloaded pubmed25n0455.xml.gz (455/1274)
2025-04-18 22:04:07,042 - INFO - Downloaded pubmed25n0456.xml.gz (456/1274)
2025-04-18 22:04:17,241 - INFO - Downloaded pubmed25n0457.xml.gz (457/1274)
2025-04-18 22:04:27,412 - INFO - Downloaded pubmed25n0458.xml.gz (458/1274)
2025-04-18 22:04:37,885 - INFO - Downloaded pubmed25n0459.xml.gz (459/1274)
2025-04-18 22:04:48,128 - INFO - Downloaded pubmed25n0460.xml.gz (460/1274)
2025-04-18 22:04:58,704 - INFO - Downloaded pubmed25n0461.xml.gz (461/1274)
2025-04-18 22:05:09,335 - INFO - Downloaded pubmed25n0462.xml.gz (462/1274)
2025-04-18 22:05:19,830 - INFO - Downloaded pubmed25n0463.xml.gz (463/1274)
2025-04-18 22:05:32,206 - INFO - Downloaded pubmed25n0464.xml.gz (464/1274)
2025-04-18 22:05:43,985 - INFO - Downloaded pubmed25n0465.xml.gz (465/1274)
2025-04-18 22:05:55,307 - INFO - Downloaded pubmed25n0466.xml.gz (466/1274)
2025-04-18 22:06:06,635 - INFO - Downloaded pubmed25n0467.xml.gz (467/1274)
2025-04-18 22:06:17,874 - INFO - Downloaded pubmed25n0468.xml.gz (468/1274)
2025-04-18 22:06:29,142 - INFO - Downloaded pubmed25n0469.xml.gz (469/1274)
2025-04-18 22:06:34,866 - INFO - Backing off ftp_download(...) for 0.4s (EOFError)
2025-04-18 22:06:34,866 - WARNING - FTP error during download, retrying in 0.4 seconds... (Attempt 1/5)
2025-04-18 22:06:35,319 - INFO - Backing off ftp_download(...) for 0.1s (EOFError)
2025-04-18 22:06:35,319 - WARNING - FTP error during download, retrying in 0.1 seconds... (Attempt 2/5)
2025-04-18 22:06:35,404 - INFO - Backing off ftp_download(...) for 2.6s (EOFError)
2025-04-18 22:06:35,405 - WARNING - FTP error during download, retrying in 2.6 seconds... (Attempt 3/5)
2025-04-18 22:06:38,046 - INFO - Backing off ftp_download(...) for 4.9s (BrokenPipeError: [Errno 32] Broken pipe)
2025-04-18 22:06:38,047 - WARNING - FTP error during download, retrying in 4.9 seconds... (Attempt 4/5)
2025-04-18 22:06:42,965 - ERROR - Giving up ftp_download(...) after 5 tries (BrokenPipeError: [Errno 32] Broken pipe)
2025-04-18 22:06:42,966 - WARNING - FTP connection lost: [Errno 32] Broken pipe, attempt 1/3
2025-04-18 22:06:51,383 - INFO - Downloaded pubmed25n0470.xml.gz (470/1274)
2025-04-18 22:07:01,687 - INFO - Downloaded pubmed25n0471.xml.gz (471/1274)
2025-04-18 22:07:11,103 - INFO - Downloaded pubmed25n0472.xml.gz (472/1274)
2025-04-18 22:07:21,044 - INFO - Downloaded pubmed25n0473.xml.gz (473/1274)
2025-04-18 22:07:31,224 - INFO - Downloaded pubmed25n0474.xml.gz (474/1274)
2025-04-18 22:07:43,965 - INFO - Downloaded pubmed25n0475.xml.gz (475/1274)
2025-04-18 22:07:56,953 - INFO - Downloaded pubmed25n0476.xml.gz (476/1274)
2025-04-18 22:08:09,540 - INFO - Downloaded pubmed25n0477.xml.gz (477/1274)
2025-04-18 22:08:27,940 - INFO - Downloaded pubmed25n0478.xml.gz (478/1274)
2025-04-18 22:08:41,535 - INFO - Downloaded pubmed25n0479.xml.gz (479/1274)
2025-04-18 22:08:54,243 - INFO - Downloaded pubmed25n0480.xml.gz (480/1274)
2025-04-18 22:09:06,884 - INFO - Downloaded pubmed25n0481.xml.gz (481/1274)
2025-04-18 22:09:19,443 - INFO - Downloaded pubmed25n0482.xml.gz (482/1274)
2025-04-18 22:09:28,867 - INFO - Downloaded pubmed25n0483.xml.gz (483/1274)
2025-04-18 22:09:43,387 - INFO - Downloaded pubmed25n0484.xml.gz (484/1274)
2025-04-18 22:09:55,728 - INFO - Downloaded pubmed25n0485.xml.gz (485/1274)
2025-04-18 22:10:08,159 - INFO - Downloaded pubmed25n0486.xml.gz (486/1274)
2025-04-18 22:10:19,449 - INFO - Downloaded pubmed25n0487.xml.gz (487/1274)
2025-04-18 22:10:30,426 - INFO - Downloaded pubmed25n0488.xml.gz (488/1274)
2025-04-18 22:10:45,919 - INFO - Downloaded pubmed25n0489.xml.gz (489/1274)
2025-04-18 22:11:00,430 - INFO - Downloaded pubmed25n0490.xml.gz (490/1274)
2025-04-18 22:11:14,478 - INFO - Downloaded pubmed25n0491.xml.gz (491/1274)
2025-04-18 22:11:27,519 - INFO - Downloaded pubmed25n0492.xml.gz (492/1274)
2025-04-18 22:11:40,415 - INFO - Downloaded pubmed25n0493.xml.gz (493/1274)
2025-04-18 22:11:53,687 - INFO - Downloaded pubmed25n0494.xml.gz (494/1274)
2025-04-18 22:12:06,295 - INFO - Downloaded pubmed25n0495.xml.gz (495/1274)
2025-04-18 22:12:18,920 - INFO - Downloaded pubmed25n0496.xml.gz (496/1274)
2025-04-18 22:12:33,071 - INFO - Downloaded pubmed25n0497.xml.gz (497/1274)
2025-04-18 22:12:45,826 - INFO - Downloaded pubmed25n0498.xml.gz (498/1274)
2025-04-18 22:12:58,728 - INFO - Downloaded pubmed25n0499.xml.gz (499/1274)
2025-04-18 22:13:12,013 - INFO - Downloaded pubmed25n0500.xml.gz (500/1274)
2025-04-18 22:13:24,657 - INFO - Downloaded pubmed25n0501.xml.gz (501/1274)
2025-04-18 22:13:38,115 - INFO - Downloaded pubmed25n0502.xml.gz (502/1274)
2025-04-18 22:13:47,165 - INFO - Downloaded pubmed25n0503.xml.gz (503/1274)
2025-04-18 22:13:58,496 - INFO - Downloaded pubmed25n0504.xml.gz (504/1274)
2025-04-18 22:14:12,483 - INFO - Downloaded pubmed25n0505.xml.gz (505/1274)
2025-04-18 22:14:26,584 - INFO - Downloaded pubmed25n0506.xml.gz (506/1274)
2025-04-18 22:14:39,963 - INFO - Downloaded pubmed25n0507.xml.gz (507/1274)
2025-04-18 22:14:53,710 - INFO - Downloaded pubmed25n0508.xml.gz (508/1274)
2025-04-18 22:15:07,930 - INFO - Downloaded pubmed25n0509.xml.gz (509/1274)
2025-04-18 22:15:22,076 - INFO - Downloaded pubmed25n0510.xml.gz (510/1274)
2025-04-18 22:15:36,375 - INFO - Downloaded pubmed25n0511.xml.gz (511/1274)
2025-04-18 22:15:52,844 - INFO - Downloaded pubmed25n0512.xml.gz (512/1274)
2025-04-18 22:16:07,140 - INFO - Downloaded pubmed25n0513.xml.gz (513/1274)
2025-04-18 22:16:20,924 - INFO - Downloaded pubmed25n0514.xml.gz (514/1274)
2025-04-18 22:16:33,936 - INFO - Downloaded pubmed25n0515.xml.gz (515/1274)
2025-04-18 22:16:52,600 - INFO - Downloaded pubmed25n0516.xml.gz (516/1274)
2025-04-18 22:17:06,444 - INFO - Downloaded pubmed25n0517.xml.gz (517/1274)
2025-04-18 22:17:20,295 - INFO - Downloaded pubmed25n0518.xml.gz (518/1274)
2025-04-18 22:17:33,443 - INFO - Downloaded pubmed25n0519.xml.gz (519/1274)
2025-04-18 22:17:46,841 - INFO - Downloaded pubmed25n0520.xml.gz (520/1274)
2025-04-18 22:18:01,243 - INFO - Downloaded pubmed25n0521.xml.gz (521/1274)
2025-04-18 22:18:14,593 - INFO - Downloaded pubmed25n0522.xml.gz (522/1274)
2025-04-18 22:18:28,845 - INFO - Downloaded pubmed25n0523.xml.gz (523/1274)
2025-04-18 22:18:42,580 - INFO - Downloaded pubmed25n0524.xml.gz (524/1274)
2025-04-18 22:18:57,734 - INFO - Downloaded pubmed25n0525.xml.gz (525/1274)
2025-04-18 22:19:10,919 - INFO - Downloaded pubmed25n0526.xml.gz (526/1274)
2025-04-18 22:19:23,983 - INFO - Downloaded pubmed25n0527.xml.gz (527/1274)
2025-04-18 22:19:36,346 - INFO - Downloaded pubmed25n0528.xml.gz (528/1274)
2025-04-18 22:19:50,765 - INFO - Downloaded pubmed25n0529.xml.gz (529/1274)
2025-04-18 22:20:03,854 - INFO - Downloaded pubmed25n0530.xml.gz (530/1274)
2025-04-18 22:20:18,448 - INFO - Downloaded pubmed25n0531.xml.gz (531/1274)
2025-04-18 22:20:31,639 - INFO - Downloaded pubmed25n0532.xml.gz (532/1274)
2025-04-18 22:20:46,429 - INFO - Downloaded pubmed25n0533.xml.gz (533/1274)
2025-04-18 22:20:59,850 - INFO - Downloaded pubmed25n0534.xml.gz (534/1274)
2025-04-18 22:21:12,827 - INFO - Downloaded pubmed25n0535.xml.gz (535/1274)
2025-04-18 22:21:25,889 - INFO - Downloaded pubmed25n0536.xml.gz (536/1274)
2025-04-18 22:21:40,530 - INFO - Downloaded pubmed25n0537.xml.gz (537/1274)
2025-04-18 22:21:53,319 - INFO - Downloaded pubmed25n0538.xml.gz (538/1274)
2025-04-18 22:22:05,506 - INFO - Downloaded pubmed25n0539.xml.gz (539/1274)
2025-04-18 22:22:18,738 - INFO - Downloaded pubmed25n0540.xml.gz (540/1274)
2025-04-18 22:22:32,792 - INFO - Downloaded pubmed25n0541.xml.gz (541/1274)
2025-04-18 22:22:45,540 - INFO - Downloaded pubmed25n0542.xml.gz (542/1274)
2025-04-18 22:22:59,001 - INFO - Downloaded pubmed25n0543.xml.gz (543/1274)
2025-04-18 22:23:11,623 - INFO - Downloaded pubmed25n0544.xml.gz (544/1274)
2025-04-18 22:23:25,696 - INFO - Downloaded pubmed25n0545.xml.gz (545/1274)
2025-04-18 22:23:39,707 - INFO - Downloaded pubmed25n0546.xml.gz (546/1274)
2025-04-18 22:23:52,679 - INFO - Downloaded pubmed25n0547.xml.gz (547/1274)
2025-04-18 22:24:05,780 - INFO - Downloaded pubmed25n0548.xml.gz (548/1274)
2025-04-18 22:24:21,888 - INFO - Downloaded pubmed25n0549.xml.gz (549/1274)
2025-04-18 22:24:35,356 - INFO - Downloaded pubmed25n0550.xml.gz (550/1274)
2025-04-18 22:24:48,854 - INFO - Downloaded pubmed25n0551.xml.gz (551/1274)
2025-04-18 22:25:02,423 - INFO - Downloaded pubmed25n0552.xml.gz (552/1274)
2025-04-18 22:25:15,585 - INFO - Downloaded pubmed25n0553.xml.gz (553/1274)
2025-04-18 22:25:35,067 - INFO - Downloaded pubmed25n0554.xml.gz (554/1274)
2025-04-18 22:25:49,441 - INFO - Downloaded pubmed25n0555.xml.gz (555/1274)
2025-04-18 22:26:02,718 - INFO - Downloaded pubmed25n0556.xml.gz (556/1274)
2025-04-18 22:26:19,652 - INFO - Downloaded pubmed25n0557.xml.gz (557/1274)
2025-04-18 22:26:34,031 - INFO - Downloaded pubmed25n0558.xml.gz (558/1274)
2025-04-18 22:26:47,850 - INFO - Downloaded pubmed25n0559.xml.gz (559/1274)
2025-04-18 22:27:00,702 - INFO - Downloaded pubmed25n0560.xml.gz (560/1274)
2025-04-18 22:27:13,277 - INFO - Downloaded pubmed25n0561.xml.gz (561/1274)
2025-04-18 22:27:30,388 - INFO - Downloaded pubmed25n0562.xml.gz (562/1274)
2025-04-18 22:27:44,118 - INFO - Downloaded pubmed25n0563.xml.gz (563/1274)
2025-04-18 22:27:58,349 - INFO - Downloaded pubmed25n0564.xml.gz (564/1274)
2025-04-18 22:28:11,113 - INFO - Downloaded pubmed25n0565.xml.gz (565/1274)
2025-04-18 22:28:25,352 - INFO - Downloaded pubmed25n0566.xml.gz (566/1274)
2025-04-18 22:28:39,879 - INFO - Downloaded pubmed25n0567.xml.gz (567/1274)
2025-04-18 22:28:53,255 - INFO - Downloaded pubmed25n0568.xml.gz (568/1274)
2025-04-18 22:29:06,698 - INFO - Downloaded pubmed25n0569.xml.gz (569/1274)
2025-04-18 22:29:20,022 - INFO - Downloaded pubmed25n0570.xml.gz (570/1274)
2025-04-18 22:29:33,555 - INFO - Downloaded pubmed25n0571.xml.gz (571/1274)
2025-04-18 22:29:48,754 - INFO - Downloaded pubmed25n0572.xml.gz (572/1274)
2025-04-18 22:30:02,436 - INFO - Downloaded pubmed25n0573.xml.gz (573/1274)
2025-04-18 22:30:22,297 - INFO - Downloaded pubmed25n0574.xml.gz (574/1274)
2025-04-18 22:30:32,719 - INFO - Downloaded pubmed25n0575.xml.gz (575/1274)
2025-04-18 22:30:42,997 - INFO - Downloaded pubmed25n0576.xml.gz (576/1274)
2025-04-18 22:30:57,023 - INFO - Downloaded pubmed25n0577.xml.gz (577/1274)
2025-04-18 22:31:09,455 - INFO - Downloaded pubmed25n0578.xml.gz (578/1274)
2025-04-18 22:31:23,615 - INFO - Downloaded pubmed25n0579.xml.gz (579/1274)
2025-04-18 22:31:38,584 - INFO - Downloaded pubmed25n0580.xml.gz (580/1274)
2025-04-18 22:31:53,343 - INFO - Downloaded pubmed25n0581.xml.gz (581/1274)
2025-04-18 22:32:07,798 - INFO - Downloaded pubmed25n0582.xml.gz (582/1274)
2025-04-18 22:32:21,378 - INFO - Downloaded pubmed25n0583.xml.gz (583/1274)
2025-04-18 22:32:34,344 - INFO - Downloaded pubmed25n0584.xml.gz (584/1274)
2025-04-18 22:32:48,712 - INFO - Downloaded pubmed25n0585.xml.gz (585/1274)
2025-04-18 22:33:02,313 - INFO - Downloaded pubmed25n0586.xml.gz (586/1274)
2025-04-18 22:33:11,714 - INFO - Downloaded pubmed25n0587.xml.gz (587/1274)
2025-04-18 22:33:25,779 - INFO - Downloaded pubmed25n0588.xml.gz (588/1274)
2025-04-18 22:33:42,329 - INFO - Downloaded pubmed25n0589.xml.gz (589/1274)
2025-04-18 22:33:56,195 - INFO - Downloaded pubmed25n0590.xml.gz (590/1274)
2025-04-18 22:34:10,566 - INFO - Downloaded pubmed25n0591.xml.gz (591/1274)
2025-04-18 22:34:24,487 - INFO - Downloaded pubmed25n0592.xml.gz (592/1274)
2025-04-18 22:34:38,997 - INFO - Downloaded pubmed25n0593.xml.gz (593/1274)
2025-04-18 22:34:52,255 - INFO - Downloaded pubmed25n0594.xml.gz (594/1274)
2025-04-18 22:35:05,207 - INFO - Downloaded pubmed25n0595.xml.gz (595/1274)
2025-04-18 22:35:19,040 - INFO - Downloaded pubmed25n0596.xml.gz (596/1274)
2025-04-18 22:35:32,592 - INFO - Downloaded pubmed25n0597.xml.gz (597/1274)
2025-04-18 22:35:47,106 - INFO - Downloaded pubmed25n0598.xml.gz (598/1274)
2025-04-18 22:36:01,715 - INFO - Downloaded pubmed25n0599.xml.gz (599/1274)
2025-04-18 22:36:17,415 - INFO - Downloaded pubmed25n0600.xml.gz (600/1274)
2025-04-18 22:36:32,069 - INFO - Downloaded pubmed25n0601.xml.gz (601/1274)
2025-04-18 22:36:45,779 - INFO - Downloaded pubmed25n0602.xml.gz (602/1274)
2025-04-18 22:36:59,037 - INFO - Downloaded pubmed25n0603.xml.gz (603/1274)
2025-04-18 22:37:12,789 - INFO - Downloaded pubmed25n0604.xml.gz (604/1274)
2025-04-18 22:37:26,597 - INFO - Downloaded pubmed25n0605.xml.gz (605/1274)
2025-04-18 22:37:38,327 - INFO - Downloaded pubmed25n0606.xml.gz (606/1274)
2025-04-18 22:37:51,183 - INFO - Downloaded pubmed25n0607.xml.gz (607/1274)
2025-04-18 22:38:05,728 - INFO - Downloaded pubmed25n0608.xml.gz (608/1274)
2025-04-18 22:38:20,288 - INFO - Downloaded pubmed25n0609.xml.gz (609/1274)
2025-04-18 22:38:33,670 - INFO - Downloaded pubmed25n0610.xml.gz (610/1274)
2025-04-18 22:38:43,616 - INFO - Downloaded pubmed25n0611.xml.gz (611/1274)
2025-04-18 22:38:54,888 - INFO - Downloaded pubmed25n0612.xml.gz (612/1274)
2025-04-18 22:39:10,623 - INFO - Downloaded pubmed25n0613.xml.gz (613/1274)
2025-04-18 22:39:24,589 - INFO - Downloaded pubmed25n0614.xml.gz (614/1274)
2025-04-18 22:39:40,164 - INFO - Downloaded pubmed25n0615.xml.gz (615/1274)
2025-04-18 22:39:54,939 - INFO - Downloaded pubmed25n0616.xml.gz (616/1274)
2025-04-18 22:40:14,974 - INFO - Downloaded pubmed25n0617.xml.gz (617/1274)
2025-04-18 22:40:29,228 - INFO - Downloaded pubmed25n0618.xml.gz (618/1274)
2025-04-18 22:40:44,010 - INFO - Downloaded pubmed25n0619.xml.gz (619/1274)
2025-04-18 22:40:57,608 - INFO - Downloaded pubmed25n0620.xml.gz (620/1274)
2025-04-18 22:41:15,010 - INFO - Downloaded pubmed25n0621.xml.gz (621/1274)
2025-04-18 22:41:28,824 - INFO - Downloaded pubmed25n0622.xml.gz (622/1274)
2025-04-18 22:41:43,685 - INFO - Downloaded pubmed25n0623.xml.gz (623/1274)
2025-04-18 22:41:57,487 - INFO - Downloaded pubmed25n0624.xml.gz (624/1274)
2025-04-18 22:42:11,600 - INFO - Downloaded pubmed25n0625.xml.gz (625/1274)
2025-04-18 22:42:26,452 - INFO - Downloaded pubmed25n0626.xml.gz (626/1274)
2025-04-18 22:42:41,863 - INFO - Downloaded pubmed25n0627.xml.gz (627/1274)
2025-04-18 22:42:57,546 - INFO - Downloaded pubmed25n0628.xml.gz (628/1274)
2025-04-18 22:43:12,440 - INFO - Downloaded pubmed25n0629.xml.gz (629/1274)
2025-04-18 22:43:25,891 - INFO - Downloaded pubmed25n0630.xml.gz (630/1274)
2025-04-18 22:43:40,726 - INFO - Downloaded pubmed25n0631.xml.gz (631/1274)
2025-04-18 22:43:54,377 - INFO - Downloaded pubmed25n0632.xml.gz (632/1274)
2025-04-18 22:44:09,227 - INFO - Downloaded pubmed25n0633.xml.gz (633/1274)
2025-04-18 22:44:24,855 - INFO - Downloaded pubmed25n0634.xml.gz (634/1274)
2025-04-18 22:44:43,435 - INFO - Downloaded pubmed25n0635.xml.gz (635/1274)
2025-04-18 22:44:57,385 - INFO - Downloaded pubmed25n0636.xml.gz (636/1274)
2025-04-18 22:45:11,931 - INFO - Downloaded pubmed25n0637.xml.gz (637/1274)
2025-04-18 22:45:26,400 - INFO - Downloaded pubmed25n0638.xml.gz (638/1274)
2025-04-18 22:45:46,043 - INFO - Downloaded pubmed25n0639.xml.gz (639/1274)
2025-04-18 22:46:00,896 - INFO - Downloaded pubmed25n0640.xml.gz (640/1274)
2025-04-18 22:46:14,056 - INFO - Downloaded pubmed25n0641.xml.gz (641/1274)
2025-04-18 22:46:28,322 - INFO - Downloaded pubmed25n0642.xml.gz (642/1274)
2025-04-18 22:46:41,926 - INFO - Downloaded pubmed25n0643.xml.gz (643/1274)
2025-04-18 22:46:56,054 - INFO - Downloaded pubmed25n0644.xml.gz (644/1274)
2025-04-18 22:47:05,397 - INFO - Downloaded pubmed25n0645.xml.gz (645/1274)
2025-04-18 22:47:19,251 - INFO - Downloaded pubmed25n0646.xml.gz (646/1274)
2025-04-18 22:47:35,405 - INFO - Downloaded pubmed25n0647.xml.gz (647/1274)
2025-04-18 22:47:49,055 - INFO - Downloaded pubmed25n0648.xml.gz (648/1274)
2025-04-18 22:48:02,806 - INFO - Downloaded pubmed25n0649.xml.gz (649/1274)
2025-04-18 22:48:16,933 - INFO - Downloaded pubmed25n0650.xml.gz (650/1274)
2025-04-18 22:48:31,008 - INFO - Downloaded pubmed25n0651.xml.gz (651/1274)
2025-04-18 22:48:44,694 - INFO - Downloaded pubmed25n0652.xml.gz (652/1274)
2025-04-18 22:48:57,405 - INFO - Downloaded pubmed25n0653.xml.gz (653/1274)
2025-04-18 22:49:06,452 - INFO - Downloaded pubmed25n0654.xml.gz (654/1274)
2025-04-18 22:49:18,649 - INFO - Downloaded pubmed25n0655.xml.gz (655/1274)
2025-04-18 22:49:31,065 - INFO - Downloaded pubmed25n0656.xml.gz (656/1274)
2025-04-18 22:49:46,183 - INFO - Downloaded pubmed25n0657.xml.gz (657/1274)
2025-04-18 22:50:00,021 - INFO - Downloaded pubmed25n0658.xml.gz (658/1274)
2025-04-18 22:50:15,077 - INFO - Downloaded pubmed25n0659.xml.gz (659/1274)
2025-04-18 22:50:31,867 - INFO - Downloaded pubmed25n0660.xml.gz (660/1274)
2025-04-18 22:50:46,033 - INFO - Downloaded pubmed25n0661.xml.gz (661/1274)
2025-04-18 22:50:59,968 - INFO - Downloaded pubmed25n0662.xml.gz (662/1274)
